x-axis,1,2
second,Volt,Volt
-15.200E-06,-507.500007E-03,+5.000007E-03
-15.100E-06,-501.250007E-03,-13.749993E-03
-15.000E-06,-495.000007E-03,-1.249993E-03
-14.900E-06,-507.500007E-03,-13.749993E-03
-14.800E-06,-501.250007E-03,-7.499993E-03
-14.700E-06,-513.750007E-03,-7.499993E-03
-14.600E-06,-495.000007E-03,-7.499993E-03
-14.500E-06,-507.500007E-03,-7.499993E-03
-14.400E-06,-501.250007E-03,-7.499993E-03
-14.300E-06,-501.250007E-03,-13.749993E-03
-14.200E-06,-507.500007E-03,-7.499993E-03
-14.100E-06,-501.250007E-03,-19.999993E-03
-14.000E-06,-507.500007E-03,-1.249993E-03
-13.900E-06,-501.250007E-03,-1.249993E-03
-13.800E-06,-507.500007E-03,-1.249993E-03
-13.700E-06,-507.500007E-03,-7.499993E-03
-13.600E-06,-507.500007E-03,-1.249993E-03
-13.500E-06,-501.250007E-03,-7.499993E-03
-13.400E-06,-501.250007E-03,-13.749993E-03
-13.300E-06,-513.750007E-03,-7.499993E-03
-13.200E-06,-501.250007E-03,-7.499993E-03
-13.100E-06,-501.250007E-03,-7.499993E-03
-13.000E-06,-495.000007E-03,-7.499993E-03
-12.900E-06,-513.750007E-03,-13.749993E-03
-12.800E-06,-507.500007E-03,+5.000007E-03
-12.700E-06,-501.250007E-03,-13.749993E-03
-12.600E-06,-507.500007E-03,-7.499993E-03
-12.500E-06,-501.250007E-03,-1.249993E-03
-12.400E-06,-513.750007E-03,-13.749993E-03
-12.300E-06,-507.500007E-03,-7.499993E-03
-12.200E-06,-501.250007E-03,-7.499993E-03
-12.100E-06,-507.500007E-03,+5.000007E-03
-12.000E-06,-507.500007E-03,-1.249993E-03
-11.900E-06,-507.500007E-03,-7.499993E-03
-11.800E-06,-501.250007E-03,-7.499993E-03
-11.700E-06,-507.500007E-03,-13.749993E-03
-11.600E-06,-495.000007E-03,+5.000007E-03
-11.500E-06,-513.750007E-03,-13.749993E-03
-11.400E-06,-495.000007E-03,-1.249993E-03
-11.300E-06,-513.750007E-03,-7.499993E-03
-11.200E-06,-507.500007E-03,-13.749993E-03
-11.100E-06,-507.500007E-03,-7.499993E-03
-11.000E-06,-507.500007E-03,-19.999993E-03
-10.900E-06,-507.500007E-03,-1.249993E-03
-10.800E-06,-507.500007E-03,-13.749993E-03
-10.700E-06,-495.000007E-03,-7.499993E-03
-10.600E-06,-507.500007E-03,-7.499993E-03
-10.500E-06,-501.250007E-03,-7.499993E-03
-10.400E-06,-507.500007E-03,-7.499993E-03
-10.300E-06,-501.250007E-03,-7.499993E-03
-10.200E-06,-501.250007E-03,-1.249993E-03
-10.100E-06,-507.500007E-03,-13.749993E-03
-10.000E-06,-501.250007E-03,-13.749993E-03
-9.900E-06,-520.000007E-03,-7.499993E-03
-9.800E-06,-495.000007E-03,-7.499993E-03
-9.700E-06,-513.750007E-03,-7.499993E-03
-9.600E-06,-495.000007E-03,-7.499993E-03
-9.500E-06,-501.250007E-03,-7.499993E-03
-9.400E-06,-507.500007E-03,-13.749993E-03
-9.300E-06,-495.000007E-03,-7.499993E-03
-9.200E-06,-501.250007E-03,-13.749993E-03
-9.100E-06,-507.500007E-03,-7.499993E-03
-9.000E-06,-513.750007E-03,-1.249993E-03
-8.900E-06,-501.250007E-03,-7.499993E-03
-8.800E-06,-507.500007E-03,-7.499993E-03
-8.700E-06,-501.250007E-03,-7.499993E-03
-8.600E-06,-507.500007E-03,-13.749993E-03
-8.500E-06,-501.250007E-03,-13.749993E-03
-8.400E-06,-501.250007E-03,-7.499993E-03
-8.300E-06,-501.250007E-03,-1.249993E-03
-8.200E-06,-501.250007E-03,-13.749993E-03
-8.100E-06,-513.750007E-03,-7.499993E-03
-8.000E-06,-507.500007E-03,-1.249993E-03
-7.900E-06,-501.250007E-03,-1.249993E-03
-7.800E-06,-507.500007E-03,-13.749993E-03
-7.700E-06,-513.750007E-03,-7.499993E-03
-7.600E-06,-495.000007E-03,-13.749993E-03
-7.500E-06,-507.500007E-03,-1.249993E-03
-7.400E-06,-495.000007E-03,-13.749993E-03
-7.300E-06,-513.750007E-03,+5.000007E-03
-7.200E-06,-507.500007E-03,-7.499993E-03
-7.100E-06,-501.250007E-03,-13.749993E-03
-7.000E-06,-507.500007E-03,-7.499993E-03
-6.900E-06,-501.250007E-03,-7.499993E-03
-6.800E-06,-507.500007E-03,-1.249993E-03
-6.700E-06,-501.250007E-03,-7.499993E-03
-6.600E-06,-513.750007E-03,-1.249993E-03
-6.500E-06,-507.500007E-03,-7.499993E-03
-6.400E-06,-507.500007E-03,-1.249993E-03
-6.300E-06,-495.000007E-03,-1.249993E-03
-6.200E-06,-501.250007E-03,-13.749993E-03
-6.100E-06,-507.500007E-03,-7.499993E-03
-6.000E-06,-495.000007E-03,-32.499993E-03
-5.900E-06,-513.750007E-03,+5.000007E-03
-5.800E-06,-495.000007E-03,-7.499993E-03
-5.700E-06,-513.750007E-03,-7.499993E-03
-5.600E-06,-501.250007E-03,-13.749993E-03
-5.500E-06,-501.250007E-03,-7.499993E-03
-5.400E-06,-501.250007E-03,-7.499993E-03
-5.300E-06,-507.500007E-03,-13.749993E-03
-5.200E-06,-513.750007E-03,-1.249993E-03
-5.100E-06,-501.250007E-03,-13.749993E-03
-5.000E-06,-507.500007E-03,-7.499993E-03
-4.900E-06,-495.000007E-03,+5.000007E-03
-4.800E-06,-507.500007E-03,-13.749993E-03
-4.700E-06,-501.250007E-03,-7.499993E-03
-4.600E-06,-507.500007E-03,-7.499993E-03
-4.500E-06,-507.500007E-03,-7.499993E-03
-4.400E-06,-501.250007E-03,-19.999993E-03
-4.300E-06,-513.750007E-03,-19.999993E-03
-4.200E-06,-501.250007E-03,-1.249993E-03
-4.100E-06,-507.500007E-03,-13.749993E-03
-4.000E-06,-507.500007E-03,-1.249993E-03
-3.900E-06,-507.500007E-03,-1.249993E-03
-3.800E-06,-507.500007E-03,-1.249993E-03
-3.700E-06,-513.750007E-03,-7.499993E-03
-3.600E-06,-501.250007E-03,-7.499993E-03
-3.500E-06,-501.250007E-03,-7.499993E-03
-3.400E-06,-495.000007E-03,-7.499993E-03
-3.300E-06,-507.500007E-03,-7.499993E-03
-3.200E-06,-513.750007E-03,-1.249993E-03
-3.100E-06,-507.500007E-03,-7.499993E-03
-3.000E-06,-507.500007E-03,-7.499993E-03
-2.900E-06,-501.250007E-03,-7.499993E-03
-2.800E-06,-507.500007E-03,-1.249993E-03
-2.700E-06,-507.500007E-03,-19.999993E-03
-2.600E-06,-501.250007E-03,-13.749993E-03
-2.500E-06,-507.500007E-03,-13.749993E-03
-2.400E-06,-507.500007E-03,-7.499993E-03
-2.300E-06,-495.000007E-03,-7.499993E-03
-2.200E-06,-507.500007E-03,-7.499993E-03
-2.100E-06,-513.750007E-03,-1.249993E-03
-2.000E-06,-495.000007E-03,-7.499993E-03
-1.900E-06,-501.250007E-03,-7.499993E-03
-1.800E-06,+467.500008E-03,+23.750008E-03
-1.700E-06,+480.000008E-03,+367.500013E-03
-1.600E-06,+480.000008E-03,+861.250020E-03
-1.500E-06,+492.500008E-03,+861.250020E-03
-1.400E-06,+467.500008E-03,+811.250019E-03
-1.300E-06,+480.000008E-03,+736.250018E-03
-1.200E-06,+486.250008E-03,+736.250018E-03
-1.100E-06,+480.000008E-03,+717.500018E-03
-1.000E-06,+480.000008E-03,+686.250017E-03
-900E-09,+480.000008E-03,+667.500017E-03
-800E-09,+461.250008E-03,+655.000017E-03
-700E-09,+486.250008E-03,+617.500016E-03
-600E-09,+480.000008E-03,+611.250016E-03
-500E-09,+473.750008E-03,+592.500016E-03
-400E-09,+486.250008E-03,+561.250016E-03
-300E-09,+480.000008E-03,+536.250015E-03
-200E-09,+492.500008E-03,+536.250015E-03
-100E-09,+480.000008E-03,+492.500015E-03
+0.0E+00,+473.750008E-03,+486.250015E-03
+100E-09,+480.000008E-03,+480.000014E-03
+200E-09,+480.000008E-03,+455.000014E-03
+300E-09,+480.000008E-03,+442.500014E-03
+400E-09,+486.250008E-03,+417.500013E-03
+500E-09,+480.000008E-03,+398.750013E-03
+600E-09,+480.000008E-03,+380.000013E-03
+700E-09,+486.250008E-03,+361.250013E-03
+800E-09,+480.000008E-03,+355.000013E-03
+900E-09,+480.000008E-03,+330.000012E-03
+1.000E-06,+480.000008E-03,+330.000012E-03
+1.100E-06,+473.750008E-03,+311.250012E-03
+1.200E-06,+486.250008E-03,+286.250012E-03
+1.300E-06,+467.500008E-03,+286.250012E-03
+1.400E-06,+492.500008E-03,+261.250011E-03
+1.500E-06,+473.750008E-03,+248.750011E-03
+1.600E-06,+480.000008E-03,+230.000011E-03
+1.700E-06,+486.250008E-03,+217.500011E-03
+1.800E-06,+486.250008E-03,+211.250010E-03
+1.900E-06,+486.250008E-03,+192.500010E-03
+2.000E-06,+486.250008E-03,+167.500010E-03
+2.100E-06,+473.750008E-03,+167.500010E-03
+2.200E-06,+467.500008E-03,+161.250010E-03
+2.300E-06,+480.000008E-03,+130.000009E-03
+2.400E-06,+473.750008E-03,+130.000009E-03
+2.500E-06,+486.250008E-03,+111.250009E-03
+2.600E-06,+480.000008E-03,+105.000009E-03
+2.700E-06,+486.250008E-03,+92.500009E-03
+2.800E-06,+492.500008E-03,+80.000008E-03
+2.900E-06,+473.750008E-03,+73.750008E-03
+3.000E-06,+473.750008E-03,+67.500008E-03
+3.100E-06,+473.750008E-03,+55.000008E-03
+3.200E-06,+492.500008E-03,+36.250008E-03
+3.300E-06,+486.250008E-03,+30.000008E-03
+3.400E-06,+480.000008E-03,+17.500008E-03
+3.500E-06,+473.750008E-03,+17.500008E-03
+3.600E-06,+486.250008E-03,+5.000007E-03
+3.700E-06,+480.000008E-03,-13.749993E-03
+3.800E-06,+473.750008E-03,-1.249993E-03
+3.900E-06,+486.250008E-03,-7.499993E-03
+4.000E-06,+480.000008E-03,-38.749993E-03
+4.100E-06,+486.250008E-03,-26.249993E-03
+4.200E-06,+486.250008E-03,-51.249993E-03
+4.300E-06,+486.250008E-03,-44.999993E-03
+4.400E-06,+486.250008E-03,-57.499994E-03
+4.500E-06,+480.000008E-03,-63.749994E-03
+4.600E-06,+473.750008E-03,-69.999994E-03
+4.700E-06,+486.250008E-03,-76.249994E-03
+4.800E-06,+480.000008E-03,-76.249994E-03
+4.900E-06,+480.000008E-03,-88.749994E-03
+5.000E-06,+486.250008E-03,-101.249994E-03
+5.100E-06,+473.750008E-03,-101.249994E-03
+5.200E-06,+492.500008E-03,-113.749994E-03
+5.300E-06,+480.000008E-03,-107.499994E-03
+5.400E-06,+486.250008E-03,-113.749994E-03
+5.500E-06,+473.750008E-03,-107.499994E-03
+5.600E-06,+486.250008E-03,-126.249995E-03
+5.700E-06,+486.250008E-03,-132.499995E-03
+5.800E-06,+486.250008E-03,-138.749995E-03
+5.900E-06,+480.000008E-03,-132.499995E-03
+6.000E-06,+486.250008E-03,-144.999995E-03
+6.100E-06,+486.250008E-03,-144.999995E-03
+6.200E-06,+473.750008E-03,-151.249995E-03
+6.300E-06,+480.000008E-03,-138.749995E-03
+6.400E-06,+467.500008E-03,-163.749995E-03
+6.500E-06,+486.250008E-03,-151.249995E-03
+6.600E-06,+492.500008E-03,-169.999995E-03
+6.700E-06,+480.000008E-03,-157.499995E-03
+6.800E-06,+486.250008E-03,-169.999995E-03
+6.900E-06,+473.750008E-03,-169.999995E-03
+7.000E-06,+486.250008E-03,-169.999995E-03
+7.100E-06,+480.000008E-03,-169.999995E-03
+7.200E-06,+492.500008E-03,-169.999995E-03
+7.300E-06,+473.750008E-03,-169.999995E-03
+7.400E-06,+486.250008E-03,-176.249995E-03
+7.500E-06,+473.750008E-03,-169.999995E-03
+7.600E-06,+473.750008E-03,-182.499995E-03
+7.700E-06,+473.750008E-03,-176.249995E-03
+7.800E-06,+473.750008E-03,-182.499995E-03
+7.900E-06,+492.500008E-03,-188.749996E-03
+8.000E-06,+473.750008E-03,-194.999996E-03
+8.100E-06,+492.500008E-03,-182.499995E-03
+8.200E-06,+473.750008E-03,-194.999996E-03
+8.300E-06,+480.000008E-03,-182.499995E-03
+8.400E-06,+486.250008E-03,-194.999996E-03
+8.500E-06,+480.000008E-03,-182.499995E-03
+8.600E-06,+486.250008E-03,-188.749996E-03
+8.700E-06,+480.000008E-03,-201.249996E-03
+8.800E-06,+480.000008E-03,-176.249995E-03
+8.900E-06,+473.750008E-03,-182.499995E-03
+9.000E-06,+486.250008E-03,-201.249996E-03
+9.100E-06,+480.000008E-03,-182.499995E-03
+9.200E-06,+492.500008E-03,-188.749996E-03
+9.300E-06,+480.000008E-03,-188.749996E-03
+9.400E-06,+473.750008E-03,-194.999996E-03
+9.500E-06,+480.000008E-03,-188.749996E-03
+9.600E-06,+486.250008E-03,-201.249996E-03
+9.700E-06,+480.000008E-03,-188.749996E-03
+9.800E-06,+480.000008E-03,-188.749996E-03
+9.900E-06,+480.000008E-03,-188.749996E-03
+10.000E-06,+486.250008E-03,-182.499995E-03
+10.100E-06,+480.000008E-03,-176.249995E-03
+10.200E-06,+480.000008E-03,-182.499995E-03
+10.300E-06,+480.000008E-03,-182.499995E-03
+10.400E-06,+486.250008E-03,-182.499995E-03
+10.500E-06,+480.000008E-03,-176.249995E-03
+10.600E-06,+486.250008E-03,-176.249995E-03
+10.700E-06,+473.750008E-03,-182.499995E-03
+10.800E-06,+486.250008E-03,-182.499995E-03
+10.900E-06,+486.250008E-03,-169.999995E-03
+11.000E-06,+480.000008E-03,-169.999995E-03
+11.100E-06,+480.000008E-03,-176.249995E-03
+11.200E-06,+486.250008E-03,-169.999995E-03
+11.300E-06,+480.000008E-03,-151.249995E-03
+11.400E-06,+492.500008E-03,-169.999995E-03
+11.500E-06,+467.500008E-03,-163.749995E-03
+11.600E-06,+480.000008E-03,-169.999995E-03
+11.700E-06,+480.000008E-03,-163.749995E-03
+11.800E-06,+473.750008E-03,-163.749995E-03
+11.900E-06,+480.000008E-03,-163.749995E-03
+12.000E-06,+480.000008E-03,-157.499995E-03
+12.100E-06,+480.000008E-03,-163.749995E-03
+12.200E-06,+473.750008E-03,-151.249995E-03
+12.300E-06,+480.000008E-03,-157.499995E-03
+12.400E-06,+480.000008E-03,-151.249995E-03
+12.500E-06,+486.250008E-03,-138.749995E-03
+12.600E-06,+486.250008E-03,-144.999995E-03
+12.700E-06,+480.000008E-03,-144.999995E-03
+12.800E-06,+486.250008E-03,-144.999995E-03
+12.900E-06,+467.500008E-03,-144.999995E-03
+13.000E-06,+492.500008E-03,-144.999995E-03
+13.100E-06,+473.750008E-03,-132.499995E-03
+13.200E-06,+486.250008E-03,-138.749995E-03
+13.300E-06,+486.250008E-03,-126.249995E-03
+13.400E-06,+486.250008E-03,-132.499995E-03
+13.500E-06,+486.250008E-03,-126.249995E-03
+13.600E-06,+473.750008E-03,-113.749994E-03
+13.700E-06,+480.000008E-03,-132.499995E-03
+13.800E-06,+486.250008E-03,-113.749994E-03
+13.900E-06,+486.250008E-03,-107.499994E-03
+14.000E-06,+480.000008E-03,-119.999995E-03
+14.100E-06,+480.000008E-03,-113.749994E-03
+14.200E-06,+492.500008E-03,-113.749994E-03
+14.300E-06,+473.750008E-03,-107.499994E-03
+14.400E-06,+486.250008E-03,-119.999995E-03
+14.500E-06,+473.750008E-03,-94.999994E-03
+14.600E-06,+486.250008E-03,-119.999995E-03
+14.700E-06,+486.250008E-03,-101.249994E-03
+14.800E-06,+486.250008E-03,-107.499994E-03
+14.900E-06,+480.000008E-03,-107.499994E-03
+15.000E-06,+480.000008E-03,-88.749994E-03
+15.100E-06,+480.000008E-03,-101.249994E-03
+15.200E-06,+480.000008E-03,-82.499994E-03
+15.300E-06,+486.250008E-03,-82.499994E-03
+15.400E-06,+486.250008E-03,-88.749994E-03
+15.500E-06,+486.250008E-03,-88.749994E-03
+15.600E-06,+486.250008E-03,-82.499994E-03
+15.700E-06,+480.000008E-03,-76.249994E-03
+15.800E-06,+480.000008E-03,-82.499994E-03
+15.900E-06,+473.750008E-03,-76.249994E-03
+16.000E-06,+486.250008E-03,-76.249994E-03
+16.100E-06,+473.750008E-03,-69.999994E-03
+16.200E-06,+492.500008E-03,-76.249994E-03
+16.300E-06,+492.500008E-03,-63.749994E-03
+16.400E-06,+486.250008E-03,-69.999994E-03
+16.500E-06,+480.000008E-03,-76.249994E-03
+16.600E-06,+486.250008E-03,-57.499994E-03
+16.700E-06,+473.750008E-03,-57.499994E-03
+16.800E-06,+492.500008E-03,-51.249993E-03
+16.900E-06,+480.000008E-03,-51.249993E-03
+17.000E-06,+486.250008E-03,-57.499994E-03
+17.100E-06,+486.250008E-03,-51.249993E-03
+17.200E-06,+480.000008E-03,-44.999993E-03
+17.300E-06,+486.250008E-03,-57.499994E-03
+17.400E-06,+473.750008E-03,-51.249993E-03
+17.500E-06,+480.000008E-03,-44.999993E-03
+17.600E-06,+473.750008E-03,-38.749993E-03
+17.700E-06,+492.500008E-03,-38.749993E-03
+17.800E-06,+480.000008E-03,-38.749993E-03
+17.900E-06,+480.000008E-03,-32.499993E-03
+18.000E-06,+480.000008E-03,-38.749993E-03
+18.100E-06,+480.000008E-03,-26.249993E-03
+18.200E-06,+486.250008E-03,-38.749993E-03
+18.300E-06,+461.250008E-03,-38.749993E-03
+18.400E-06,+486.250008E-03,-19.999993E-03
+18.500E-06,+473.750008E-03,-32.499993E-03
+18.600E-06,+492.500008E-03,-26.249993E-03
+18.700E-06,+480.000008E-03,-32.499993E-03
+18.800E-06,+486.250008E-03,-26.249993E-03
+18.900E-06,+480.000008E-03,-32.499993E-03
+19.000E-06,+486.250008E-03,-26.249993E-03
+19.100E-06,+486.250008E-03,-13.749993E-03
+19.200E-06,+480.000008E-03,-19.999993E-03
+19.300E-06,+486.250008E-03,-7.499993E-03
+19.400E-06,+473.750008E-03,-19.999993E-03
+19.500E-06,+486.250008E-03,-7.499993E-03
+19.600E-06,+473.750008E-03,-26.249993E-03
+19.700E-06,+486.250008E-03,-19.999993E-03
+19.800E-06,+480.000008E-03,-1.249993E-03
+19.900E-06,+473.750008E-03,-26.249993E-03
+20.000E-06,+492.500008E-03,-7.499993E-03
+20.100E-06,+473.750008E-03,-13.749993E-03
+20.200E-06,+492.500008E-03,-7.499993E-03
+20.300E-06,+480.000008E-03,-13.749993E-03
+20.400E-06,+473.750008E-03,-1.249993E-03
+20.500E-06,+486.250008E-03,-7.499993E-03
+20.600E-06,+473.750008E-03,+5.000007E-03
+20.700E-06,+480.000008E-03,+5.000007E-03
+20.800E-06,+486.250008E-03,-1.249993E-03
+20.900E-06,+480.000008E-03,+5.000007E-03
+21.000E-06,+480.000008E-03,+11.250007E-03
+21.100E-06,+486.250008E-03,+5.000007E-03
+21.200E-06,+480.000008E-03,+5.000007E-03
+21.300E-06,+480.000008E-03,+5.000007E-03
+21.400E-06,+486.250008E-03,+11.250007E-03
+21.500E-06,+486.250008E-03,+5.000007E-03
+21.600E-06,+486.250008E-03,+17.500008E-03
+21.700E-06,+486.250008E-03,+5.000007E-03
+21.800E-06,+480.000008E-03,+11.250007E-03
+21.900E-06,+480.000008E-03,-7.499993E-03
+22.000E-06,+486.250008E-03,+23.750008E-03
+22.100E-06,+480.000008E-03,+11.250007E-03
+22.200E-06,+486.250008E-03,+11.250007E-03
+22.300E-06,+473.750008E-03,+5.000007E-03
+22.400E-06,+492.500008E-03,+17.500008E-03
+22.500E-06,+480.000008E-03,+17.500008E-03
+22.600E-06,+492.500008E-03,+11.250007E-03
+22.700E-06,+480.000008E-03,+17.500008E-03
+22.800E-06,+486.250008E-03,+17.500008E-03
+22.900E-06,+486.250008E-03,+17.500008E-03
+23.000E-06,+480.000008E-03,+23.750008E-03
+23.100E-06,+473.750008E-03,+11.250007E-03
+23.200E-06,+480.000008E-03,+17.500008E-03
+23.300E-06,+486.250008E-03,+17.500008E-03
+23.400E-06,+473.750008E-03,+36.250008E-03
+23.500E-06,+492.500008E-03,+30.000008E-03
+23.600E-06,+486.250008E-03,+23.750008E-03
+23.700E-06,+480.000008E-03,+11.250007E-03
+23.800E-06,+486.250008E-03,+23.750008E-03
+23.900E-06,+467.500008E-03,+11.250007E-03
+24.000E-06,+492.500008E-03,+23.750008E-03
+24.100E-06,+486.250008E-03,+11.250007E-03
+24.200E-06,+486.250008E-03,+36.250008E-03
+24.300E-06,+480.000008E-03,+30.000008E-03
+24.400E-06,+486.250008E-03,+11.250007E-03
+24.500E-06,+486.250008E-03,+36.250008E-03
+24.600E-06,+480.000008E-03,+23.750008E-03
+24.700E-06,+473.750008E-03,+36.250008E-03
+24.800E-06,+486.250008E-03,+30.000008E-03
+24.900E-06,+486.250008E-03,+17.500008E-03
+25.000E-06,+486.250008E-03,+23.750008E-03
+25.100E-06,+473.750008E-03,+30.000008E-03
+25.200E-06,+467.500008E-03,+36.250008E-03
+25.300E-06,+480.000008E-03,+17.500008E-03
+25.400E-06,+492.500008E-03,+23.750008E-03
+25.500E-06,+480.000008E-03,+17.500008E-03
+25.600E-06,+492.500008E-03,+36.250008E-03
+25.700E-06,+473.750008E-03,+23.750008E-03
+25.800E-06,+486.250008E-03,+36.250008E-03
+25.900E-06,+480.000008E-03,+17.500008E-03
+26.000E-06,+486.250008E-03,+23.750008E-03
+26.100E-06,+480.000008E-03,+36.250008E-03
+26.200E-06,+486.250008E-03,+17.500008E-03
+26.300E-06,+486.250008E-03,+36.250008E-03
+26.400E-06,+480.000008E-03,+42.500008E-03
+26.500E-06,+480.000008E-03,+30.000008E-03
+26.600E-06,+473.750008E-03,+36.250008E-03
+26.700E-06,+480.000008E-03,+17.500008E-03
+26.800E-06,+486.250008E-03,+36.250008E-03
+26.900E-06,+486.250008E-03,+11.250007E-03
+27.000E-06,+492.500008E-03,+23.750008E-03
+27.100E-06,+480.000008E-03,+36.250008E-03
+27.200E-06,+492.500008E-03,+30.000008E-03
+27.300E-06,+473.750008E-03,+30.000008E-03
+27.400E-06,+480.000008E-03,+36.250008E-03
+27.500E-06,+480.000008E-03,+30.000008E-03
+27.600E-06,+480.000008E-03,+30.000008E-03
+27.700E-06,+480.000008E-03,+23.750008E-03
+27.800E-06,+486.250008E-03,+36.250008E-03
+27.900E-06,+486.250008E-03,+30.000008E-03
+28.000E-06,+486.250008E-03,+30.000008E-03
+28.100E-06,+486.250008E-03,+30.000008E-03
+28.200E-06,+480.000008E-03,+36.250008E-03
+28.300E-06,+486.250008E-03,+30.000008E-03
+28.400E-06,+486.250008E-03,+36.250008E-03
+28.500E-06,+486.250008E-03,+30.000008E-03
+28.600E-06,+480.000008E-03,+36.250008E-03
+28.700E-06,+473.750008E-03,+30.000008E-03
+28.800E-06,+480.000008E-03,+17.500008E-03
+28.900E-06,+492.500008E-03,+36.250008E-03
+29.000E-06,+473.750008E-03,+36.250008E-03
+29.100E-06,+480.000008E-03,+30.000008E-03
+29.200E-06,+492.500008E-03,+42.500008E-03
+29.300E-06,+480.000008E-03,+36.250008E-03
+29.400E-06,+492.500008E-03,+23.750008E-03
+29.500E-06,+455.000008E-03,+30.000008E-03
+29.600E-06,+530.000009E-03,+42.500008E-03
+29.700E-06,+455.000008E-03,+30.000008E-03
+29.800E-06,+498.750008E-03,+23.750008E-03
+29.900E-06,+467.500008E-03,+30.000008E-03
+30.000E-06,+486.250008E-03,+30.000008E-03
+30.100E-06,+486.250008E-03,+30.000008E-03
+30.200E-06,+486.250008E-03,+30.000008E-03
+30.300E-06,+486.250008E-03,+30.000008E-03
+30.400E-06,+473.750008E-03,+36.250008E-03
+30.500E-06,+492.500008E-03,+30.000008E-03
+30.600E-06,+467.500008E-03,+30.000008E-03
+30.700E-06,+486.250008E-03,+23.750008E-03
+30.800E-06,+480.000008E-03,+30.000008E-03
+30.900E-06,+480.000008E-03,+30.000008E-03
+31.000E-06,+486.250008E-03,+23.750008E-03
+31.100E-06,+473.750008E-03,+36.250008E-03
+31.200E-06,+492.500008E-03,+23.750008E-03
+31.300E-06,+473.750008E-03,+36.250008E-03
+31.400E-06,+486.250008E-03,+36.250008E-03
+31.500E-06,+473.750008E-03,+30.000008E-03
+31.600E-06,+492.500008E-03,+36.250008E-03
+31.700E-06,+486.250008E-03,+17.500008E-03
+31.800E-06,+486.250008E-03,+30.000008E-03
+31.900E-06,+473.750008E-03,+30.000008E-03
+32.000E-06,+473.750008E-03,+23.750008E-03
+32.100E-06,+480.000008E-03,+17.500008E-03
+32.200E-06,+467.500008E-03,+36.250008E-03
+32.300E-06,+498.750008E-03,+17.500008E-03
+32.400E-06,+486.250008E-03,+30.000008E-03
+32.500E-06,+486.250008E-03,+23.750008E-03
+32.600E-06,+486.250008E-03,+17.500008E-03
+32.700E-06,+480.000008E-03,+30.000008E-03
+32.800E-06,+486.250008E-03,+11.250007E-03
+32.900E-06,+473.750008E-03,+30.000008E-03
+33.000E-06,+492.500008E-03,+36.250008E-03
+33.100E-06,+480.000008E-03,+30.000008E-03
+33.200E-06,+492.500008E-03,+36.250008E-03
+33.300E-06,+467.500008E-03,+17.500008E-03
+33.400E-06,+480.000008E-03,+36.250008E-03
+33.500E-06,+480.000008E-03,+23.750008E-03
+33.600E-06,+480.000008E-03,+30.000008E-03
+33.700E-06,+486.250008E-03,+23.750008E-03
+33.800E-06,+486.250008E-03,+23.750008E-03
+33.900E-06,+492.500008E-03,+23.750008E-03
+34.000E-06,+486.250008E-03,+17.500008E-03
+34.100E-06,+480.000008E-03,+23.750008E-03
+34.200E-06,+480.000008E-03,+17.500008E-03
+34.300E-06,+480.000008E-03,+23.750008E-03
+34.400E-06,+486.250008E-03,+23.750008E-03
+34.500E-06,+480.000008E-03,+23.750008E-03
+34.600E-06,+486.250008E-03,+17.500008E-03
+34.700E-06,+486.250008E-03,+23.750008E-03
+34.800E-06,+486.250008E-03,+23.750008E-03
+34.900E-06,+480.000008E-03,+11.250007E-03
+35.000E-06,+486.250008E-03,+30.000008E-03
+35.100E-06,+480.000008E-03,+17.500008E-03
+35.200E-06,+480.000008E-03,+17.500008E-03
+35.300E-06,+480.000008E-03,+17.500008E-03
+35.400E-06,+480.000008E-03,+17.500008E-03
+35.500E-06,+480.000008E-03,+23.750008E-03
+35.600E-06,+492.500008E-03,+17.500008E-03
+35.700E-06,+480.000008E-03,+17.500008E-03
+35.800E-06,+486.250008E-03,+23.750008E-03
+35.900E-06,+480.000008E-03,+17.500008E-03
+36.000E-06,+486.250008E-03,+30.000008E-03
+36.100E-06,+486.250008E-03,+17.500008E-03
+36.200E-06,+486.250008E-03,+17.500008E-03
+36.300E-06,+486.250008E-03,+17.500008E-03
+36.400E-06,+486.250008E-03,+23.750008E-03
+36.500E-06,+480.000008E-03,+17.500008E-03
+36.600E-06,+480.000008E-03,+17.500008E-03
+36.700E-06,+473.750008E-03,+17.500008E-03
+36.800E-06,+480.000008E-03,+11.250007E-03
+36.900E-06,+486.250008E-03,+17.500008E-03
+37.000E-06,+492.500008E-03,+23.750008E-03
+37.100E-06,+486.250008E-03,+17.500008E-03
+37.200E-06,+486.250008E-03,+30.000008E-03
+37.300E-06,+473.750008E-03,+17.500008E-03
+37.400E-06,+480.000008E-03,+17.500008E-03
+37.500E-06,+480.000008E-03,+17.500008E-03
+37.600E-06,+480.000008E-03,+11.250007E-03
+37.700E-06,+486.250008E-03,+17.500008E-03
+37.800E-06,+486.250008E-03,+17.500008E-03
+37.900E-06,+486.250008E-03,+17.500008E-03
+38.000E-06,+486.250008E-03,+17.500008E-03
+38.100E-06,+480.000008E-03,+17.500008E-03
+38.200E-06,+473.750008E-03,+23.750008E-03
+38.300E-06,+480.000008E-03,+11.250007E-03
+38.400E-06,+486.250008E-03,+30.000008E-03
+38.500E-06,+473.750008E-03,+17.500008E-03
+38.600E-06,+498.750008E-03,+23.750008E-03
+38.700E-06,+480.000008E-03,+17.500008E-03
+38.800E-06,+480.000008E-03,+23.750008E-03
+38.900E-06,+473.750008E-03,+17.500008E-03
+39.000E-06,+480.000008E-03,+17.500008E-03
+39.100E-06,+492.500008E-03,+23.750008E-03
+39.200E-06,+473.750008E-03,+17.500008E-03
+39.300E-06,+498.750008E-03,+17.500008E-03
+39.400E-06,+486.250008E-03,+17.500008E-03
+39.500E-06,+492.500008E-03,+17.500008E-03
+39.600E-06,+473.750008E-03,+11.250007E-03
+39.700E-06,+480.000008E-03,+23.750008E-03
+39.800E-06,+492.500008E-03,+11.250007E-03
+39.900E-06,+480.000008E-03,+11.250007E-03
+40.000E-06,+492.500008E-03,+23.750008E-03
+40.100E-06,+467.500008E-03,+5.000007E-03
+40.200E-06,+492.500008E-03,+11.250007E-03
+40.300E-06,+480.000008E-03,+17.500008E-03
+40.400E-06,+492.500008E-03,+11.250007E-03
+40.500E-06,+480.000008E-03,+17.500008E-03
+40.600E-06,+480.000008E-03,+5.000007E-03
+40.700E-06,+480.000008E-03,+11.250007E-03
+40.800E-06,+486.250008E-03,+17.500008E-03
+40.900E-06,+486.250008E-03,+17.500008E-03
+41.000E-06,+480.000008E-03,+11.250007E-03
+41.100E-06,+492.500008E-03,+17.500008E-03
+41.200E-06,+473.750008E-03,+17.500008E-03
+41.300E-06,+486.250008E-03,+11.250007E-03
+41.400E-06,+473.750008E-03,+23.750008E-03
+41.500E-06,+473.750008E-03,+11.250007E-03
+41.600E-06,+486.250008E-03,+17.500008E-03
+41.700E-06,+480.000008E-03,+11.250007E-03
+41.800E-06,+492.500008E-03,+17.500008E-03
+41.900E-06,+480.000008E-03,-1.249993E-03
+42.000E-06,+486.250008E-03,+17.500008E-03
+42.100E-06,+480.000008E-03,+11.250007E-03
+42.200E-06,+480.000008E-03,+11.250007E-03
+42.300E-06,+480.000008E-03,+17.500008E-03
+42.400E-06,+480.000008E-03,+5.000007E-03
+42.500E-06,+486.250008E-03,+17.500008E-03
+42.600E-06,+492.500008E-03,+17.500008E-03
+42.700E-06,+486.250008E-03,+11.250007E-03
+42.800E-06,+486.250008E-03,+11.250007E-03
+42.900E-06,+473.750008E-03,+17.500008E-03
+43.000E-06,+473.750008E-03,+17.500008E-03
+43.100E-06,+480.000008E-03,+17.500008E-03
+43.200E-06,+492.500008E-03,+11.250007E-03
+43.300E-06,+480.000008E-03,+11.250007E-03
+43.400E-06,+492.500008E-03,+17.500008E-03
+43.500E-06,+480.000008E-03,+11.250007E-03
+43.600E-06,+480.000008E-03,+5.000007E-03
+43.700E-06,+486.250008E-03,+11.250007E-03
+43.800E-06,+486.250008E-03,+17.500008E-03
+43.900E-06,+480.000008E-03,+11.250007E-03
+44.000E-06,+480.000008E-03,+17.500008E-03
+44.100E-06,+480.000008E-03,+11.250007E-03
+44.200E-06,+492.500008E-03,+17.500008E-03
+44.300E-06,+480.000008E-03,+11.250007E-03
+44.400E-06,+480.000008E-03,+17.500008E-03
+44.500E-06,+473.750008E-03,+11.250007E-03
+44.600E-06,+486.250008E-03,+17.500008E-03
+44.700E-06,+486.250008E-03,+11.250007E-03
+44.800E-06,+480.000008E-03,+11.250007E-03
+44.900E-06,+480.000008E-03,+11.250007E-03
+45.000E-06,+486.250008E-03,+17.500008E-03
+45.100E-06,+480.000008E-03,+17.500008E-03
+45.200E-06,+473.750008E-03,+17.500008E-03
+45.300E-06,+486.250008E-03,+17.500008E-03
+45.400E-06,+480.000008E-03,+17.500008E-03
+45.500E-06,+480.000008E-03,+11.250007E-03
+45.600E-06,+492.500008E-03,+11.250007E-03
+45.700E-06,+480.000008E-03,+11.250007E-03
+45.800E-06,+486.250008E-03,+11.250007E-03
+45.900E-06,+480.000008E-03,+11.250007E-03
+46.000E-06,+486.250008E-03,+5.000007E-03
+46.100E-06,+480.000008E-03,+11.250007E-03
+46.200E-06,+486.250008E-03,+17.500008E-03
+46.300E-06,+480.000008E-03,+11.250007E-03
+46.400E-06,+480.000008E-03,+17.500008E-03
+46.500E-06,+486.250008E-03,+17.500008E-03
+46.600E-06,+486.250008E-03,+17.500008E-03
+46.700E-06,+492.500008E-03,+17.500008E-03
+46.800E-06,+486.250008E-03,+23.750008E-03
+46.900E-06,+480.000008E-03,-1.249993E-03
+47.000E-06,+473.750008E-03,+23.750008E-03
+47.100E-06,+480.000008E-03,+17.500008E-03
+47.200E-06,+492.500008E-03,+11.250007E-03
+47.300E-06,+480.000008E-03,+11.250007E-03
+47.400E-06,+498.750008E-03,+5.000007E-03
+47.500E-06,+480.000008E-03,+17.500008E-03
+47.600E-06,+480.000008E-03,+17.500008E-03
+47.700E-06,+480.000008E-03,+11.250007E-03
+47.800E-06,+480.000008E-03,-1.249993E-03
+47.900E-06,+486.250008E-03,+23.750008E-03
+48.000E-06,+486.250008E-03,+17.500008E-03
+48.100E-06,+498.750008E-03,+17.500008E-03
+48.200E-06,+473.750008E-03,+11.250007E-03
+48.300E-06,+486.250008E-03,+11.250007E-03
+48.400E-06,+467.500008E-03,+17.500008E-03
+48.500E-06,+486.250008E-03,+17.500008E-03
+48.600E-06,+492.500008E-03,+11.250007E-03
+48.700E-06,+473.750008E-03,-13.749993E-03
+48.800E-06,+492.500008E-03,+36.250008E-03
+48.900E-06,+480.000008E-03,+11.250007E-03
+49.000E-06,+492.500008E-03,+17.500008E-03
+49.100E-06,+467.500008E-03,+11.250007E-03
+49.200E-06,+486.250008E-03,+17.500008E-03
+49.300E-06,+473.750008E-03,+23.750008E-03
+49.400E-06,+486.250008E-03,+17.500008E-03
+49.500E-06,+480.000008E-03,+17.500008E-03
+49.600E-06,+486.250008E-03,+17.500008E-03
+49.700E-06,+486.250008E-03,+17.500008E-03
+49.800E-06,+492.500008E-03,+17.500008E-03
+49.900E-06,+486.250008E-03,+23.750008E-03
+50.000E-06,+480.000008E-03,+11.250007E-03
+50.100E-06,+486.250008E-03,+11.250007E-03
+50.200E-06,+486.250008E-03,+17.500008E-03
+50.300E-06,+473.750008E-03,-1.249993E-03
+50.400E-06,+486.250008E-03,+17.500008E-03
+50.500E-06,+480.000008E-03,+11.250007E-03
+50.600E-06,+486.250008E-03,+17.500008E-03
+50.700E-06,+486.250008E-03,+11.250007E-03
+50.800E-06,+486.250008E-03,+17.500008E-03
+50.900E-06,+486.250008E-03,+11.250007E-03
+51.000E-06,+486.250008E-03,+17.500008E-03
+51.100E-06,+480.000008E-03,+5.000007E-03
+51.200E-06,+492.500008E-03,+17.500008E-03
+51.300E-06,+486.250008E-03,+11.250007E-03
+51.400E-06,+486.250008E-03,+17.500008E-03
+51.500E-06,+480.000008E-03,+17.500008E-03
+51.600E-06,+480.000008E-03,+17.500008E-03
+51.700E-06,+473.750008E-03,+5.000007E-03
+51.800E-06,+486.250008E-03,+23.750008E-03
+51.900E-06,+480.000008E-03,+11.250007E-03
+52.000E-06,+492.500008E-03,+11.250007E-03
+52.100E-06,+492.500008E-03,+17.500008E-03
+52.200E-06,+486.250008E-03,+17.500008E-03
+52.300E-06,+486.250008E-03,+17.500008E-03
+52.400E-06,+473.750008E-03,+23.750008E-03
+52.500E-06,+480.000008E-03,+11.250007E-03
+52.600E-06,+480.000008E-03,+11.250007E-03
+52.700E-06,+480.000008E-03,+11.250007E-03
+52.800E-06,+492.500008E-03,+17.500008E-03
+52.900E-06,+486.250008E-03,+17.500008E-03
+53.000E-06,+486.250008E-03,+11.250007E-03
+53.100E-06,+473.750008E-03,+17.500008E-03
+53.200E-06,+492.500008E-03,+11.250007E-03
+53.300E-06,+480.000008E-03,+17.500008E-03
+53.400E-06,+486.250008E-03,+17.500008E-03
+53.500E-06,+480.000008E-03,+11.250007E-03
+53.600E-06,+486.250008E-03,+17.500008E-03
+53.700E-06,+486.250008E-03,+11.250007E-03
+53.800E-06,+492.500008E-03,+17.500008E-03
+53.900E-06,+486.250008E-03,+11.250007E-03
+54.000E-06,+480.000008E-03,+11.250007E-03
+54.100E-06,+486.250008E-03,+11.250007E-03
+54.200E-06,+486.250008E-03,+23.750008E-03
+54.300E-06,+480.000008E-03,+17.500008E-03
+54.400E-06,+492.500008E-03,+17.500008E-03
+54.500E-06,+473.750008E-03,+5.000007E-03
+54.600E-06,+492.500008E-03,+23.750008E-03
+54.700E-06,+486.250008E-03,+11.250007E-03
+54.800E-06,+486.250008E-03,+17.500008E-03
+54.900E-06,+480.000008E-03,+23.750008E-03
+55.000E-06,+486.250008E-03,+5.000007E-03
+55.100E-06,+480.000008E-03,+23.750008E-03
+55.200E-06,+486.250008E-03,+23.750008E-03
+55.300E-06,+492.500008E-03,+11.250007E-03
+55.400E-06,+480.000008E-03,+5.000007E-03
+55.500E-06,+492.500008E-03,+11.250007E-03
+55.600E-06,+473.750008E-03,+11.250007E-03
+55.700E-06,+480.000008E-03,-1.249993E-03
+55.800E-06,+486.250008E-03,+17.500008E-03
+55.900E-06,+480.000008E-03,+11.250007E-03
+56.000E-06,+492.500008E-03,+17.500008E-03
+56.100E-06,+480.000008E-03,+17.500008E-03
+56.200E-06,+492.500008E-03,+17.500008E-03
+56.300E-06,+480.000008E-03,+17.500008E-03
+56.400E-06,+486.250008E-03,+17.500008E-03
+56.500E-06,+480.000008E-03,+11.250007E-03
+56.600E-06,+480.000008E-03,+17.500008E-03
+56.700E-06,+480.000008E-03,+17.500008E-03
+56.800E-06,+486.250008E-03,+11.250007E-03
+56.900E-06,+486.250008E-03,+17.500008E-03
+57.000E-06,+473.750008E-03,-1.249993E-03
+57.100E-06,+492.500008E-03,+5.000007E-03
+57.200E-06,+486.250008E-03,+17.500008E-03
+57.300E-06,+480.000008E-03,+11.250007E-03
+57.400E-06,+480.000008E-03,+17.500008E-03
+57.500E-06,+480.000008E-03,+11.250007E-03
+57.600E-06,+498.750008E-03,+17.500008E-03
+57.700E-06,+480.000008E-03,+11.250007E-03
+57.800E-06,+480.000008E-03,+11.250007E-03
+57.900E-06,+473.750008E-03,+17.500008E-03
+58.000E-06,+492.500008E-03,+5.000007E-03
+58.100E-06,+473.750008E-03,+11.250007E-03
+58.200E-06,+492.500008E-03,+17.500008E-03
+58.300E-06,+480.000008E-03,+11.250007E-03
+58.400E-06,+486.250008E-03,+11.250007E-03
+58.500E-06,+486.250008E-03,+23.750008E-03
+58.600E-06,+486.250008E-03,+17.500008E-03
+58.700E-06,+486.250008E-03,+17.500008E-03
+58.800E-06,+473.750008E-03,+5.000007E-03
+58.900E-06,+486.250008E-03,+17.500008E-03
+59.000E-06,+480.000008E-03,+17.500008E-03
+59.100E-06,+480.000008E-03,+17.500008E-03
+59.200E-06,+486.250008E-03,+17.500008E-03
+59.300E-06,+486.250008E-03,+11.250007E-03
+59.400E-06,+480.000008E-03,+11.250007E-03
+59.500E-06,+486.250008E-03,+5.000007E-03
+59.600E-06,+486.250008E-03,+11.250007E-03
+59.700E-06,+473.750008E-03,+11.250007E-03
+59.800E-06,+486.250008E-03,+17.500008E-03
+59.900E-06,+473.750008E-03,+17.500008E-03
+60.000E-06,+492.500008E-03,+17.500008E-03
+60.100E-06,+486.250008E-03,+17.500008E-03
+60.200E-06,+492.500008E-03,+11.250007E-03
+60.300E-06,+480.000008E-03,+11.250007E-03
+60.400E-06,+486.250008E-03,+11.250007E-03
+60.500E-06,+467.500008E-03,+17.500008E-03
+60.600E-06,+480.000008E-03,+11.250007E-03
+60.700E-06,+486.250008E-03,+11.250007E-03
+60.800E-06,+486.250008E-03,+5.000007E-03
+60.900E-06,+492.500008E-03,+17.500008E-03
+61.000E-06,+486.250008E-03,-1.249993E-03
+61.100E-06,+486.250008E-03,+17.500008E-03
+61.200E-06,+480.000008E-03,+17.500008E-03
+61.300E-06,+473.750008E-03,+11.250007E-03
+61.400E-06,+486.250008E-03,+11.250007E-03
+61.500E-06,+480.000008E-03,+17.500008E-03
+61.600E-06,+486.250008E-03,+23.750008E-03
+61.700E-06,+480.000008E-03,+17.500008E-03
+61.800E-06,+486.250008E-03,+17.500008E-03
+61.900E-06,+480.000008E-03,+11.250007E-03
+62.000E-06,+486.250008E-03,+5.000007E-03
+62.100E-06,+473.750008E-03,+17.500008E-03
+62.200E-06,+480.000008E-03,+17.500008E-03
+62.300E-06,+492.500008E-03,+11.250007E-03
+62.400E-06,+486.250008E-03,+5.000007E-03
+62.500E-06,+480.000008E-03,+17.500008E-03
+62.600E-06,+473.750008E-03,+11.250007E-03
+62.700E-06,+480.000008E-03,+17.500008E-03
+62.800E-06,+486.250008E-03,+11.250007E-03
+62.900E-06,+480.000008E-03,+17.500008E-03
+63.000E-06,+480.000008E-03,+23.750008E-03
+63.100E-06,+492.500008E-03,+17.500008E-03
+63.200E-06,+492.500008E-03,+11.250007E-03
+63.300E-06,+480.000008E-03,+11.250007E-03
+63.400E-06,+492.500008E-03,+11.250007E-03
+63.500E-06,+480.000008E-03,+11.250007E-03
+63.600E-06,+492.500008E-03,+11.250007E-03
+63.700E-06,+480.000008E-03,+11.250007E-03
+63.800E-06,+486.250008E-03,+5.000007E-03
+63.900E-06,+473.750008E-03,+30.000008E-03
+64.000E-06,+480.000008E-03,+11.250007E-03
+64.100E-06,+486.250008E-03,+17.500008E-03
+64.200E-06,+486.250008E-03,+17.500008E-03
+64.300E-06,+492.500008E-03,+17.500008E-03
+64.400E-06,+486.250008E-03,+17.500008E-03
+64.500E-06,+480.000008E-03,+11.250007E-03
+64.600E-06,+480.000008E-03,+17.500008E-03
+64.700E-06,+486.250008E-03,+11.250007E-03
+64.800E-06,+486.250008E-03,+23.750008E-03
+64.900E-06,+480.000008E-03,+5.000007E-03
+65.000E-06,+492.500008E-03,+17.500008E-03
+65.100E-06,+467.500008E-03,+11.250007E-03
+65.200E-06,+486.250008E-03,+11.250007E-03
+65.300E-06,+480.000008E-03,+11.250007E-03
+65.400E-06,+486.250008E-03,+17.500008E-03
+65.500E-06,+486.250008E-03,+17.500008E-03
+65.600E-06,+492.500008E-03,+11.250007E-03
+65.700E-06,+486.250008E-03,+11.250007E-03
+65.800E-06,+486.250008E-03,+11.250007E-03
+65.900E-06,+480.000008E-03,+17.500008E-03
+66.000E-06,+473.750008E-03,+17.500008E-03
+66.100E-06,+480.000008E-03,+17.500008E-03
+66.200E-06,+480.000008E-03,+17.500008E-03
+66.300E-06,+486.250008E-03,+11.250007E-03
+66.400E-06,+480.000008E-03,+11.250007E-03
+66.500E-06,+486.250008E-03,+23.750008E-03
+66.600E-06,+492.500008E-03,+17.500008E-03
+66.700E-06,+486.250008E-03,+17.500008E-03
+66.800E-06,+492.500008E-03,+11.250007E-03
+66.900E-06,+473.750008E-03,+11.250007E-03
+67.000E-06,+486.250008E-03,+23.750008E-03
+67.100E-06,+486.250008E-03,+17.500008E-03
+67.200E-06,+492.500008E-03,+17.500008E-03
+67.300E-06,+473.750008E-03,+5.000007E-03
+67.400E-06,+492.500008E-03,+11.250007E-03
+67.500E-06,+480.000008E-03,+23.750008E-03
+67.600E-06,+486.250008E-03,+17.500008E-03
+67.700E-06,+480.000008E-03,+11.250007E-03
+67.800E-06,+480.000008E-03,+17.500008E-03
+67.900E-06,+480.000008E-03,+17.500008E-03
+68.000E-06,+492.500008E-03,+11.250007E-03
+68.100E-06,+486.250008E-03,+17.500008E-03
+68.200E-06,+486.250008E-03,+5.000007E-03
+68.300E-06,+486.250008E-03,+23.750008E-03
+68.400E-06,+486.250008E-03,+17.500008E-03
+68.500E-06,+480.000008E-03,+17.500008E-03
+68.600E-06,+480.000008E-03,+17.500008E-03
+68.700E-06,+480.000008E-03,+11.250007E-03
+68.800E-06,+492.500008E-03,+11.250007E-03
+68.900E-06,+480.000008E-03,+17.500008E-03
+69.000E-06,+486.250008E-03,-1.249993E-03
+69.100E-06,+473.750008E-03,+17.500008E-03
+69.200E-06,+486.250008E-03,+17.500008E-03
+69.300E-06,+480.000008E-03,+17.500008E-03
+69.400E-06,+480.000008E-03,+17.500008E-03
+69.500E-06,+492.500008E-03,+11.250007E-03
+69.600E-06,+492.500008E-03,+11.250007E-03
+69.700E-06,+492.500008E-03,+17.500008E-03
+69.800E-06,+498.750008E-03,+11.250007E-03
+69.900E-06,+480.000008E-03,+11.250007E-03
+70.000E-06,+473.750008E-03,+23.750008E-03
+70.100E-06,+480.000008E-03,+17.500008E-03
+70.200E-06,+492.500008E-03,+17.500008E-03
+70.300E-06,+480.000008E-03,-7.499993E-03
+70.400E-06,+486.250008E-03,+30.000008E-03
+70.500E-06,+480.000008E-03,+17.500008E-03
+70.600E-06,+492.500008E-03,+17.500008E-03
+70.700E-06,+480.000008E-03,+11.250007E-03
+70.800E-06,+473.750008E-03,+11.250007E-03
+70.900E-06,+480.000008E-03,+17.500008E-03
+71.000E-06,+492.500008E-03,+17.500008E-03
+71.100E-06,+492.500008E-03,+11.250007E-03
+71.200E-06,+486.250008E-03,+11.250007E-03
+71.300E-06,+480.000008E-03,+17.500008E-03
+71.400E-06,+486.250008E-03,+17.500008E-03
+71.500E-06,+480.000008E-03,+17.500008E-03
+71.600E-06,+480.000008E-03,+11.250007E-03
+71.700E-06,+473.750008E-03,+17.500008E-03
+71.800E-06,+480.000008E-03,+23.750008E-03
+71.900E-06,+486.250008E-03,+17.500008E-03
+72.000E-06,+492.500008E-03,+11.250007E-03
+72.100E-06,+480.000008E-03,+17.500008E-03
+72.200E-06,+492.500008E-03,+17.500008E-03
+72.300E-06,+473.750008E-03,+11.250007E-03
+72.400E-06,+486.250008E-03,+17.500008E-03
+72.500E-06,+486.250008E-03,+5.000007E-03
+72.600E-06,+486.250008E-03,+17.500008E-03
+72.700E-06,+480.000008E-03,+11.250007E-03
+72.800E-06,+486.250008E-03,+17.500008E-03
+72.900E-06,+480.000008E-03,+17.500008E-03
+73.000E-06,+486.250008E-03,+17.500008E-03
+73.100E-06,+486.250008E-03,+11.250007E-03
+73.200E-06,+486.250008E-03,+17.500008E-03
+73.300E-06,+480.000008E-03,+17.500008E-03
+73.400E-06,+480.000008E-03,+17.500008E-03
+73.500E-06,+492.500008E-03,+17.500008E-03
+73.600E-06,+492.500008E-03,+17.500008E-03
+73.700E-06,+486.250008E-03,+17.500008E-03
+73.800E-06,+492.500008E-03,+17.500008E-03
+73.900E-06,+480.000008E-03,+17.500008E-03
+74.000E-06,+486.250008E-03,+11.250007E-03
+74.100E-06,+480.000008E-03,+11.250007E-03
+74.200E-06,+480.000008E-03,+17.500008E-03
+74.300E-06,+480.000008E-03,+17.500008E-03
+74.400E-06,+498.750008E-03,+17.500008E-03
+74.500E-06,+480.000008E-03,+11.250007E-03
+74.600E-06,+492.500008E-03,+23.750008E-03
+74.700E-06,+473.750008E-03,+11.250007E-03
+74.800E-06,+473.750008E-03,+11.250007E-03
+74.900E-06,+492.500008E-03,+5.000007E-03
+75.000E-06,+480.000008E-03,+17.500008E-03
+75.100E-06,+486.250008E-03,+17.500008E-03
+75.200E-06,+480.000008E-03,+5.000007E-03
+75.300E-06,+492.500008E-03,+17.500008E-03
+75.400E-06,+473.750008E-03,+17.500008E-03
+75.500E-06,+480.000008E-03,+17.500008E-03
+75.600E-06,+486.250008E-03,+17.500008E-03
+75.700E-06,+480.000008E-03,+11.250007E-03
+75.800E-06,+492.500008E-03,+17.500008E-03
+75.900E-06,+480.000008E-03,+11.250007E-03
+76.000E-06,+486.250008E-03,+17.500008E-03
+76.100E-06,+480.000008E-03,+5.000007E-03
+76.200E-06,+492.500008E-03,+11.250007E-03
+76.300E-06,+473.750008E-03,+11.250007E-03
+76.400E-06,+480.000008E-03,+11.250007E-03
+76.500E-06,+486.250008E-03,+5.000007E-03
+76.600E-06,+480.000008E-03,+5.000007E-03
+76.700E-06,+486.250008E-03,+17.500008E-03
+76.800E-06,+486.250008E-03,+17.500008E-03
+76.900E-06,+480.000008E-03,+17.500008E-03
+77.000E-06,+480.000008E-03,+5.000007E-03
+77.100E-06,+480.000008E-03,+17.500008E-03
+77.200E-06,+473.750008E-03,+17.500008E-03
+77.300E-06,+480.000008E-03,+11.250007E-03
+77.400E-06,+486.250008E-03,+17.500008E-03
+77.500E-06,+480.000008E-03,-1.249993E-03
+77.600E-06,+492.500008E-03,+30.000008E-03
+77.700E-06,+480.000008E-03,+17.500008E-03
+77.800E-06,+492.500008E-03,-1.249993E-03
+77.900E-06,+480.000008E-03,+11.250007E-03
+78.000E-06,+486.250008E-03,+17.500008E-03
+78.100E-06,+473.750008E-03,+11.250007E-03
+78.200E-06,+473.750008E-03,+11.250007E-03
+78.300E-06,+486.250008E-03,+17.500008E-03
+78.400E-06,+492.500008E-03,+17.500008E-03
+78.500E-06,+480.000008E-03,+17.500008E-03
+78.600E-06,+486.250008E-03,+17.500008E-03
+78.700E-06,+480.000008E-03,+17.500008E-03
+78.800E-06,+486.250008E-03,+17.500008E-03
+78.900E-06,+486.250008E-03,+11.250007E-03
+79.000E-06,+480.000008E-03,+17.500008E-03
+79.100E-06,+486.250008E-03,+11.250007E-03
+79.200E-06,+498.750008E-03,+17.500008E-03
+79.300E-06,+486.250008E-03,+17.500008E-03
+79.400E-06,+486.250008E-03,+23.750008E-03
+79.500E-06,+480.000008E-03,-1.249993E-03
+79.600E-06,+480.000008E-03,+23.750008E-03
+79.700E-06,+480.000008E-03,+11.250007E-03
+79.800E-06,+480.000008E-03,+17.500008E-03
+79.900E-06,+480.000008E-03,+17.500008E-03
+80.000E-06,+492.500008E-03,+11.250007E-03
+80.100E-06,+480.000008E-03,+17.500008E-03
+80.200E-06,+492.500008E-03,+5.000007E-03
+80.300E-06,+473.750008E-03,+17.500008E-03
+80.400E-06,+486.250008E-03,+11.250007E-03
+80.500E-06,+480.000008E-03,+17.500008E-03
+80.600E-06,+486.250008E-03,+11.250007E-03
+80.700E-06,+492.500008E-03,+17.500008E-03
+80.800E-06,+486.250008E-03,+11.250007E-03
+80.900E-06,+486.250008E-03,+11.250007E-03
+81.000E-06,+492.500008E-03,+11.250007E-03
+81.100E-06,+480.000008E-03,+17.500008E-03
+81.200E-06,+480.000008E-03,+17.500008E-03
+81.300E-06,+492.500008E-03,+17.500008E-03
+81.400E-06,+486.250008E-03,+17.500008E-03
+81.500E-06,+473.750008E-03,+17.500008E-03
+81.600E-06,+486.250008E-03,+23.750008E-03
+81.700E-06,+473.750008E-03,+11.250007E-03
+81.800E-06,+492.500008E-03,+23.750008E-03
+81.900E-06,+480.000008E-03,+5.000007E-03
+82.000E-06,+486.250008E-03,+5.000007E-03
+82.100E-06,+480.000008E-03,+17.500008E-03
+82.200E-06,+486.250008E-03,+17.500008E-03
+82.300E-06,+486.250008E-03,+17.500008E-03
+82.400E-06,+480.000008E-03,+17.500008E-03
+82.500E-06,+486.250008E-03,+17.500008E-03
+82.600E-06,+480.000008E-03,+17.500008E-03
+82.700E-06,+486.250008E-03,+17.500008E-03
+82.800E-06,+480.000008E-03,+5.000007E-03
+82.900E-06,+473.750008E-03,+5.000007E-03
+83.000E-06,+486.250008E-03,+30.000008E-03
+83.100E-06,+480.000008E-03,+17.500008E-03
+83.200E-06,+498.750008E-03,+11.250007E-03
+83.300E-06,+473.750008E-03,+11.250007E-03
+83.400E-06,+492.500008E-03,+17.500008E-03
+83.500E-06,+480.000008E-03,+11.250007E-03
+83.600E-06,+480.000008E-03,+11.250007E-03
+83.700E-06,+486.250008E-03,+17.500008E-03
+83.800E-06,+473.750008E-03,+17.500008E-03
+83.900E-06,+486.250008E-03,+17.500008E-03
+84.000E-06,+492.500008E-03,+17.500008E-03
+84.100E-06,+480.000008E-03,+17.500008E-03
+84.200E-06,+473.750008E-03,+17.500008E-03
+84.300E-06,+480.000008E-03,+11.250007E-03
+84.400E-06,+486.250008E-03,+30.000008E-03
+84.500E-06,+480.000008E-03,-7.499993E-03
+84.600E-06,+486.250008E-03,+23.750008E-03
+84.700E-06,,
