time,Vvout_highq
0.000000000000000e+000,1.024708e-003
1.000000000000000e-012,1.024708e-003
1.971542824300407e-011,1.024708e-003
3.843085648600813e-011,1.024708e-003
5.714628472901220e-011,1.024708e-003
7.586171297201626e-011,1.024708e-003
9.457714121502032e-011,1.024708e-003
1.132925694580244e-010,1.024708e-003
1.320079977010284e-010,1.024708e-003
2.630799954009337e-010,1.024708e-003
5.252239908007443e-010,1.024708e-003
1.049511981600366e-009,1.024708e-003
1.600961067225049e-009,1.024708e-003
2.084084041884015e-009,1.024708e-003
2.615896714139404e-009,1.024709e-003
3.135110156657851e-009,1.024709e-003
3.825346784995047e-009,1.024711e-003
4.771731146787508e-009,1.024715e-003
6.057182643980797e-009,1.024731e-003
7.779340048786888e-009,1.024790e-003
1.013891693775845e-008,1.025061e-003
1.347475747267033e-008,1.026176e-003
1.670078304264422e-008,1.028909e-003
1.967964824851021e-008,1.034865e-003
2.314661212230702e-008,1.049509e-003
2.659487663690641e-008,1.080416e-003
3.111582451778099e-008,1.159529e-003
3.517673097594875e-008,1.290318e-003
3.932969214371546e-008,1.520667e-003
4.343348498878842e-008,1.898348e-003
4.838347657903048e-008,2.659550e-003
5.480824809020468e-008,4.269823e-003
6.124444570364495e-008,6.893235e-003
6.913673554064263e-008,1.198312e-002
7.792035475931339e-008,2.077335e-002
8.941080159453830e-008,3.829193e-002
1.045296186745111e-007,7.136671e-002
1.205430210201167e-007,1.183648e-001
1.397158497895714e-007,1.876470e-001
1.571564784441735e-007,2.587374e-001
1.658893403167055e-007,2.966745e-001
1.720092506882942e-007,3.240553e-001
1.798730774421218e-007,3.596463e-001
1.838852356717441e-007,3.779204e-001
1.874981766068229e-007,3.944458e-001
1.911276430687141e-007,4.110853e-001
1.953681477440904e-007,4.305634e-001
2.018396700037906e-007,4.603370e-001
2.122254106526269e-007,5.081497e-001
2.237270739671628e-007,5.609246e-001
2.369549024578091e-007,6.206496e-001
2.503334596598605e-007,6.791589e-001
2.561516466103523e-007,7.033342e-001
2.607626645598224e-007,7.212886e-001
2.655303602164832e-007,7.383952e-001
2.723706676940966e-007,7.602325e-001
2.790937008071639e-007,7.777025e-001
2.895872402837902e-007,7.974122e-001
2.976136974392261e-007,8.066314e-001
3.040197889397776e-007,8.095327e-001
3.111780895607595e-007,8.091032e-001
3.171301188513535e-007,8.066077e-001
3.221090562904694e-007,8.032871e-001
3.271483312036743e-007,7.992238e-001
3.323926672475123e-007,7.946838e-001
3.380686051452484e-007,7.897887e-001
3.431815256457600e-007,7.857072e-001
3.495718812652799e-007,7.813516e-001
3.565332901537954e-007,7.776545e-001
3.629932013333437e-007,7.752681e-001
3.686447367932073e-007,7.740106e-001
3.743930925528270e-007,7.733808e-001
3.798554900042062e-007,7.731847e-001
3.849550416964745e-007,7.731891e-001
3.901274367961716e-007,7.731844e-001
3.962322806362272e-007,7.729465e-001
4.021412402035941e-007,7.722584e-001
4.092980948454997e-007,7.706363e-001
4.163127825242413e-007,7.680897e-001
4.248793583846128e-007,7.637442e-001
4.337751590179406e-007,7.581989e-001
4.398689417960353e-007,7.539461e-001
4.449209273959781e-007,7.502798e-001
4.505387054412961e-007,7.462683e-001
4.556827205175430e-007,7.428096e-001
4.613713002368365e-007,7.394019e-001
4.682907480714536e-007,7.360414e-001
4.776379264640332e-007,7.327858e-001
4.847853789715991e-007,7.313022e-001
4.904098665660459e-007,7.308637e-001
4.971908155451258e-007,7.309681e-001
5.027677243250883e-007,7.314018e-001
5.084307335036216e-007,7.320500e-001
5.136426398246547e-007,7.326889e-001
5.189726733343049e-007,7.332409e-001
5.263359863273005e-007,7.336735e-001
5.332746197098957e-007,7.336116e-001
5.398008938229448e-007,7.329900e-001
5.470592756870087e-007,7.316284e-001
5.549248265317991e-007,7.294732e-001
5.623464092619286e-007,7.269302e-001
5.677087280908221e-007,7.248532e-001
5.727886676588380e-007,7.227780e-001
5.779523827256966e-007,7.206632e-001
5.838407010629626e-007,7.183468e-001
5.906076372805083e-007,7.159166e-001
5.979458097997376e-007,7.136840e-001
6.072161828445398e-007,7.114852e-001
6.154453349616629e-007,7.100805e-001
6.223816448025704e-007,7.092810e-001
6.287362433574663e-007,7.087712e-001
6.339595063760184e-007,7.084405e-001
6.393057654746838e-007,7.081174e-001
6.445233519088462e-007,7.077420e-001
6.521624632165333e-007,7.069898e-001
6.606819261270464e-007,7.057829e-001
6.703332777836678e-007,7.038779e-001
6.801365690004118e-007,7.014158e-001
6.874066803442646e-007,6.992909e-001
6.926300239466928e-007,6.976354e-001
6.976984358118525e-007,6.959795e-001
7.032638402372088e-007,6.941639e-001
7.088027304397732e-007,6.924170e-001
7.167703010325200e-007,6.900836e-001
7.256590754359867e-007,6.877930e-001
7.359590087499960e-007,6.855844e-001
7.460908670667619e-007,6.838070e-001
7.525298221417961e-007,6.828578e-001
7.576315296587063e-007,6.821833e-001
7.632978055437159e-007,6.814574e-001
7.694911103769243e-007,6.806411e-001
7.761789697365170e-007,6.796764e-001
7.849138237809771e-007,6.782209e-001
7.954371682301465e-007,6.761376e-001
8.080282234236406e-007,6.732564e-001
8.149532528702250e-007,6.715094e-001
8.204318326149968e-007,6.700528e-001
8.266262663016199e-007,6.683865e-001
8.335571917244155e-007,6.665457e-001
8.406714766337636e-007,6.647302e-001
8.494968924362490e-007,6.626364e-001
8.604293417833767e-007,6.602827e-001
8.695356936337236e-007,6.585124e-001
8.755999163214877e-007,6.574315e-001
8.818207694997081e-007,6.563809e-001
8.889007476378603e-007,6.552075e-001
8.966303804497176e-007,6.539100e-001
9.044816948128894e-007,6.525306e-001
9.132872642115832e-007,6.508629e-001
9.245441777544715e-007,6.485519e-001
9.326700281049872e-007,6.467628e-001
9.394253704925427e-007,6.451980e-001
9.465904773847599e-007,6.434951e-001
9.546407959446399e-007,6.415716e-001
9.632432901075432e-007,6.395469e-001
9.722693989780312e-007,6.374994e-001
9.827701929044218e-007,6.352498e-001
9.952504527371591e-007,6.327360e-001
1.003642744440116e-006,6.311315e-001
1.011490561376330e-006,6.296774e-001
1.020322094225390e-006,6.280459e-001
1.029940551733535e-006,6.262325e-001
1.040319240498411e-006,6.241933e-001
1.053208152713514e-006,6.215383e-001
1.062395345493761e-006,6.195672e-001
1.070545095797251e-006,6.177706e-001
1.079631599549577e-006,6.157514e-001
1.090608757734546e-006,6.133329e-001
1.101310742746592e-006,6.110357e-001
1.114801723286633e-006,6.082430e-001
1.125917579329020e-006,6.060217e-001
1.135094095458983e-006,6.042344e-001
1.145092324752655e-006,6.023024e-001
1.157397076457366e-006,5.999026e-001
1.169497770490448e-006,5.974836e-001
1.185856268197098e-006,5.941186e-001
1.196702475803315e-006,5.918376e-001
1.207073146013355e-006,5.896344e-001
1.219554327649507e-006,5.869979e-001
1.233041780214723e-006,5.842012e-001
1.250020095160056e-006,5.807627e-001
1.261899362972171e-006,5.784039e-001
1.273418833239673e-006,5.761376e-001
1.287639318921161e-006,5.733262e-001
1.302777315039927e-006,5.702871e-001
1.323892425832456e-006,5.659780e-001
1.337509038333033e-006,5.631748e-001
1.351779937287278e-006,5.602448e-001
1.368958838127602e-006,5.567650e-001
1.390398848027130e-006,5.524871e-001
1.404765801021711e-006,5.496464e-001
1.420819571031342e-006,5.464699e-001
1.439878952880418e-006,5.426649e-001
1.466664676712267e-006,5.372753e-001
1.486684065410412e-006,5.332496e-001
1.509935147318260e-006,5.286149e-001
1.533217723165810e-006,5.240196e-001
1.551350310638706e-006,5.204542e-001
1.575758446140103e-006,5.156406e-001
1.600808756994943e-006,5.106795e-001
1.621281100909593e-006,5.066295e-001
1.651661711466908e-006,5.006587e-001
1.679517301635187e-006,4.952210e-001
1.704364502587958e-006,4.903820e-001
1.736426964442843e-006,4.841314e-001
1.767805123309537e-006,4.780243e-001
1.805668183604074e-006,4.706966e-001
1.841691143410738e-006,4.637629e-001
1.878539067789994e-006,4.566879e-001
1.958959887738321e-006,4.413227e-001
2.003987868623995e-006,4.327912e-001
2.051439164232780e-006,4.238372e-001
2.102818011667399e-006,4.141923e-001
2.169260518957003e-006,4.018081e-001
2.235737300113491e-006,3.895059e-001
2.306402825163015e-006,3.765313e-001
2.388973693762361e-006,3.615106e-001
2.473760135711477e-006,3.462399e-001
2.568083768381992e-006,3.294677e-001
2.724297347806690e-006,3.021243e-001
2.877645559373787e-006,2.757733e-001
3.034026741498784e-006,2.494958e-001
3.219594956180982e-006,2.190918e-001
3.429218785206214e-006,1.858497e-001
3.745552406231103e-006,1.380513e-001
4.240039153856854e-006,6.868378e-002
4.931460995414168e-006,-1.836959e-002
5.675823908759547e-006,-9.825324e-002
6.651414338977051e-006,-1.816352e-001
7.729089101998263e-006,-2.477897e-001
8.994630767487682e-006,-2.948979e-001
1.010059919192533e-005,-3.122728e-001
1.109220937203762e-005,-3.100283e-001
1.204750538464116e-005,-2.948576e-001
1.297345637238304e-005,-2.707359e-001
1.379482656785555e-005,-2.430652e-001
1.469333167185239e-005,-2.078397e-001
1.561361240254818e-005,-1.683820e-001
1.674703295322018e-005,-1.175572e-001
1.792401551068779e-005,-6.473842e-002
1.913152220150322e-005,-1.266942e-002
2.025539728257133e-005,3.196772e-002
2.147946274444886e-005,7.507747e-002
2.259368180320721e-005,1.088464e-001
2.348530734559710e-005,1.313050e-001
2.443742132955444e-005,1.504501e-001
2.548349852028807e-005,1.659016e-001
2.681960649753022e-005,1.778068e-001
2.831367952550380e-005,1.815612e-001
3.018032506348321e-005,1.743730e-001
3.196431787201968e-005,1.571551e-001
3.413265598446165e-005,1.258646e-001
3.656787066637662e-005,8.331365e-002
3.907344510605515e-005,3.638379e-002
4.109796166143950e-005,-5.373869e-004
4.313516848606160e-005,-3.398670e-002
4.517343811986113e-005,-6.164188e-002
4.754516894727622e-005,-8.471613e-002
5.037041910248629e-005,-1.001454e-001
5.257447925821448e-005,-1.026661e-001
5.462470563786299e-005,-9.692224e-002
5.669955682424923e-005,-8.436249e-002
5.917216794880668e-005,-6.280509e-002
6.199436234970149e-005,-3.308294e-002
6.415540089293792e-005,-8.506301e-003
6.622315902518021e-005,1.474884e-002
6.835210052836921e-005,3.663262e-002
7.049115041831029e-005,5.516766e-002
7.264595254991528e-005,6.894305e-002
7.529335798455789e-005,7.889521e-002
7.753989969736902e-005,8.118003e-002
7.961465532751136e-005,7.779963e-002
8.172375177994895e-005,6.957649e-002
8.406152297751399e-005,5.594390e-002
8.723929814541735e-005,3.312608e-002
8.950762959709905e-005,1.542514e-002
9.156943797370196e-005,-5.293004e-004
9.365481158781207e-005,-1.522811e-002
9.575884538847437e-005,-2.763027e-002
9.801366909903589e-005,-3.705370e-002
1.011785663612915e-004,-4.408526e-002
1.033882037424077e-004,-4.454385e-002
1.054462945279542e-004,-4.108779e-002
1.075197691021573e-004,-3.443436e-002
1.103220166563737e-004,-2.208403e-002
1.127213044250786e-004,-9.665758e-003
1.147937624856297e-004,1.723503e-003
1.169311483570372e-004,1.314002e-002
1.190326667281438e-004,2.323958e-002
1.212345052565738e-004,3.191119e-002
1.235760491851899e-004,3.852739e-002
1.258037984743919e-004,4.197036e-002
1.280940823712426e-004,4.251401e-002
1.302127800895510e-004,4.043075e-002
1.323592103511995e-004,3.597756e-002
1.348141731022063e-004,2.877489e-002
1.370917509246975e-004,2.076031e-002
1.394180915898536e-004,1.193149e-002
1.416593294142007e-004,3.536648e-003
1.437776905981422e-004,-3.707137e-003
1.459044793056788e-004,-9.799526e-003
1.480978365293617e-004,-1.437805e-002
1.507992698003136e-004,-1.762643e-002
1.529208892517741e-004,-1.823024e-002
1.549815704596467e-004,-1.700936e-002
1.570670765634915e-004,-1.419010e-002
1.596879301712736e-004,-9.016736e-003
1.620033658741876e-004,-3.445819e-003
1.640890644897596e-004,2.042893e-003
1.662199289114347e-004,7.648885e-003
1.683635915719431e-004,1.282827e-002
1.709946975899503e-004,1.799930e-002
1.742406703133783e-004,2.223774e-002
1.773405800300030e-004,2.396843e-002
1.794859773803807e-004,2.360775e-002
1.815483655088116e-004,2.202233e-002
1.836193305457646e-004,1.945571e-002
1.864930547349579e-004,1.486259e-002
1.896004079880104e-004,9.303607e-003
1.920621527265050e-004,4.880483e-003
1.942254106291828e-004,1.362962e-003
1.965710477966317e-004,-1.769319e-003
1.987485438896676e-004,-3.853952e-003
2.010912236349876e-004,-5.103818e-003
2.031952719666260e-004,-5.326814e-003
2.052874265210103e-004,-4.697249e-003
2.073945499287763e-004,-3.298531e-003
2.099053089116377e-004,-8.917205e-004
2.120870652907077e-004,1.647741e-003
2.142923250590000e-004,4.450402e-003
2.165200780739389e-004,7.252579e-003
2.193370186689585e-004,1.039063e-002
2.227316129184775e-004,1.323455e-002
2.260491421006619e-004,1.482939e-002
2.284662398169164e-004,1.509635e-002
2.305253275962128e-004,1.465482e-002
2.326662905977529e-004,1.365408e-002
2.347824891896975e-004,1.222850e-002
2.378095577086518e-004,9.750533e-003
2.413336379072941e-004,6.704883e-003
2.444409572365301e-004,4.214738e-003
2.470676829537847e-004,2.531596e-003
2.496772543215494e-004,1.414668e-003
2.520794632319203e-004,9.240776e-004
2.541716209058140e-004,9.516405e-004
2.562966078187497e-004,1.404876e-003
2.588208848667055e-004,2.387885e-003
2.618597145524353e-004,3.987597e-003
2.652233992657185e-004,5.990438e-003
2.687378835044181e-004,7.974780e-003
2.728125602164526e-004,9.747780e-003
2.764273874430578e-004,1.064557e-002
2.790109748184244e-004,1.078489e-002
2.810731029192393e-004,1.055810e-002
2.831666262038237e-004,1.006878e-002
2.852722487514076e-004,9.375636e-003
2.877746620214148e-004,8.381802e-003
2.911051131494905e-004,6.995606e-003
2.956016637804321e-004,5.317132e-003
2.991513387390281e-004,4.332075e-003
3.014808584799132e-004,3.969023e-003
3.035486429133061e-004,3.882628e-003
3.056520317891516e-004,4.010400e-003
3.083937491996083e-004,4.441189e-003
3.116141176105722e-004,5.207365e-003
3.155885027365930e-004,6.322382e-003
3.204382147889800e-004,7.578117e-003
3.253104871996827e-004,8.464664e-003
3.284257842030966e-004,8.704577e-003
3.309419331562816e-004,8.649661e-003
3.332710855885639e-004,8.428515e-003
3.354221803975272e-004,8.107165e-003
3.376909802976569e-004,7.682863e-003
3.398921546597476e-004,7.227568e-003
3.428785223809655e-004,6.611923e-003
3.460273093636924e-004,6.032872e-003
3.485848046995768e-004,5.664534e-003
3.508610397524639e-004,5.450662e-003
3.531590525448146e-004,5.361005e-003
3.559756111208712e-004,5.413303e-003
3.592003562201679e-004,5.653764e-003
3.630132562218968e-004,6.107214e-003
3.674066140009788e-004,6.697497e-003
3.731811892732267e-004,7.354517e-003
3.777368348794886e-004,7.651147e-003
3.810227230761415e-004,7.673077e-003
3.840468508201566e-004,7.544533e-003
3.871522256653190e-004,7.305782e-003
3.905560857464726e-004,6.977685e-003
3.938145789452866e-004,6.658905e-003
3.981168503536443e-004,6.306378e-003
4.017125063000237e-004,6.123348e-003
4.054777860718054e-004,6.080228e-003
4.094845083887633e-004,6.185473e-003
4.138003471618200e-004,6.422059e-003
4.187534094626918e-004,6.740811e-003
4.251221551187770e-004,7.077976e-003
4.295346051813265e-004,7.192580e-003
4.332725925312355e-004,7.171373e-003
4.372660201575855e-004,7.049019e-003
4.418780196544220e-004,6.842483e-003
4.465901741898580e-004,6.634260e-003
4.526218915969890e-004,6.454179e-003
4.574950980413688e-004,6.422127e-003
4.625287075771623e-004,6.505780e-003
4.679572450824080e-004,6.666901e-003
4.742511294267219e-004,6.848540e-003
4.805144811332487e-004,6.950355e-003
4.853583001284119e-004,6.942342e-003
4.904448567304038e-004,6.858190e-003
4.963808345164408e-004,6.728117e-003
5.032110857291209e-004,6.608791e-003
5.086200406196423e-004,6.578120e-003
5.143433565377449e-004,6.620310e-003
5.214043163627182e-004,6.721447e-003
5.289013656148079e-004,6.816158e-003
5.353357137362646e-004,6.843149e-003
5.413809184078165e-004,6.809590e-003
5.495593044091709e-004,6.726285e-003
5.573363740933197e-004,6.667410e-003
5.644327513126750e-004,6.664705e-003
5.721873996946462e-004,6.709806e-003
5.811330534940509e-004,6.762033e-003
5.936978004272315e-004,6.773229e-003
6.035662017374253e-004,6.737201e-003
6.142104108383558e-004,6.702262e-003
6.252207210614063e-004,6.711811e-003
6.368226493983520e-004,6.746293e-003
6.488265710651858e-004,6.758642e-003
6.591785819768620e-004,6.740904e-003
6.732477479510556e-004,6.719282e-003
6.882851178012162e-004,6.728586e-003
7.044583989591659e-004,6.744691e-003
7.218221692298466e-004,6.737744e-003
7.409712518102981e-004,6.727105e-003
7.611921259701885e-004,6.734774e-003
7.832185515784059e-004,6.739031e-003
8.054653061991998e-004,6.731622e-003
8.295918709355564e-004,6.732749e-003
8.568460477203573e-004,6.737116e-003
8.854280729720545e-004,6.733553e-003
9.202184476411617e-004,6.736651e-003
9.304192516617855e-004,6.738463e-003
9.508208597030333e-004,6.734269e-003
9.591967849175044e-004,6.731709e-003
9.759486353464467e-004,6.732247e-003
1.000000001000000e-003,6.741500e-003
1.000000002000000e-003,6.741500e-003
1.000000025394286e-003,6.741499e-003
1.000000048788571e-003,6.741499e-003
1.000000072182857e-003,6.741498e-003
1.000000095577143e-003,6.741497e-003
1.000000118971428e-003,6.741497e-003
1.000000142365714e-003,6.741496e-003
1.000000165760000e-003,6.741496e-003
1.000000329599999e-003,6.741492e-003
1.000000657279997e-003,6.741482e-003
1.000001312639995e-003,6.741462e-003
1.000002623359990e-003,6.741412e-003
1.000005244799979e-003,6.741243e-003
1.000009331221807e-003,6.740560e-003
1.000013753070017e-003,6.738331e-003
1.000017907921102e-003,6.732203e-003
1.000022220871283e-003,6.713838e-003
1.000027698563066e-003,6.648322e-003
1.000034394615271e-003,6.450183e-003
1.000040861524231e-003,6.042713e-003
1.000046494464217e-003,5.347145e-003
1.000053165468830e-003,3.904098e-003
1.000059504500205e-003,1.699564e-003
1.000065565516901e-003,-1.470744e-003
1.000071524007044e-003,-5.927212e-003
1.000078433303467e-003,-1.326269e-002
1.000088465158693e-003,-2.850469e-002
1.000102498290394e-003,-5.839844e-002
1.000118494087342e-003,-1.039798e-001
1.000137084740768e-003,-1.702924e-001
1.000161251774200e-003,-2.687401e-001
1.000170479083078e-003,-3.089934e-001
1.000177411864693e-003,-3.402490e-001
1.000182839462443e-003,-3.649290e-001
1.000186637801055e-003,-3.822777e-001
1.000190463865894e-003,-3.997989e-001
1.000194294019723e-003,-4.173701e-001
1.000200138583572e-003,-4.442199e-001
1.000208364487449e-003,-4.820408e-001
1.000216313762014e-003,-5.185916e-001
1.000222526957209e-003,-5.471256e-001
1.000228659649383e-003,-5.751963e-001
1.000234898516391e-003,-6.035279e-001
1.000242240498507e-003,-6.363453e-001
1.000249105586462e-003,-6.662619e-001
1.000253978229930e-003,-6.867212e-001
1.000258634458149e-003,-7.053435e-001
1.000263309162750e-003,-7.227662e-001
1.000270026117580e-003,-7.453580e-001
1.000276463021143e-003,-7.639549e-001
1.000283188451254e-003,-7.796814e-001
1.000288765394712e-003,-7.895728e-001
1.000294269864435e-003,-7.963058e-001
1.000299813462747e-003,-8.001339e-001
1.000307151253171e-003,-8.015633e-001
1.000313881597451e-003,-8.001322e-001
1.000318946271057e-003,-7.974791e-001
1.000324152637772e-003,-7.937521e-001
1.000329109291198e-003,-7.897180e-001
1.000334054574951e-003,-7.855235e-001
1.000339161104413e-003,-7.813030e-001
1.000344316067486e-003,-7.774007e-001
1.000349942204532e-003,-7.737343e-001
1.000355386731578e-003,-7.708857e-001
1.000360897015407e-003,-7.687579e-001
1.000366430749499e-003,-7.673352e-001
1.000372021736179e-003,-7.665095e-001
1.000377494733379e-003,-7.661378e-001
1.000382594045730e-003,-7.660247e-001
1.000387785838709e-003,-7.659661e-001
1.000393081527965e-003,-7.657703e-001
1.000399469468935e-003,-7.651225e-001
1.000406761281378e-003,-7.636572e-001
1.000413807641224e-003,-7.614103e-001
1.000419244811839e-003,-7.590264e-001
1.000424737473485e-003,-7.560291e-001
1.000431105243725e-003,-7.520086e-001
1.000438130018460e-003,-7.471578e-001
1.000443409929774e-003,-7.433667e-001
1.000448499793927e-003,-7.397356e-001
1.000453634835971e-003,-7.362502e-001
1.000459220113388e-003,-7.328103e-001
1.000465534243409e-003,-7.294814e-001
1.000471800925612e-003,-7.268336e-001
1.000477053129316e-003,-7.252128e-001
1.000482815563726e-003,-7.240623e-001
1.000488060664404e-003,-7.235449e-001
1.000494575704063e-003,-7.234743e-001
1.000500160872510e-003,-7.237834e-001
1.000505965769048e-003,-7.243568e-001
1.000511669570106e-003,-7.250074e-001
1.000516984439778e-003,-7.255519e-001
1.000523934309388e-003,-7.259971e-001
1.000531105839980e-003,-7.260192e-001
1.000537499019214e-003,-7.255628e-001
1.000542760059919e-003,-7.247827e-001
1.000548123512653e-003,-7.236080e-001
1.000553486283051e-003,-7.220774e-001
1.000561301206482e-003,-7.194108e-001
1.000567204285047e-003,-7.171668e-001
1.000572347789235e-003,-7.151007e-001
1.000577573530777e-003,-7.129984e-001
1.000583596617280e-003,-7.106776e-001
1.000590452150417e-003,-7.082760e-001
1.000598005395851e-003,-7.059819e-001
1.000603443294916e-003,-7.046171e-001
1.000608988761063e-003,-7.035111e-001
1.000614495916684e-003,-7.026659e-001
1.000621290844434e-003,-7.019004e-001
1.000628793377293e-003,-7.012743e-001
1.000634222541779e-003,-7.009056e-001
1.000639746573264e-003,-7.005369e-001
1.000645294300637e-003,-7.000861e-001
1.000653299259090e-003,-6.992176e-001
1.000660491420827e-003,-6.981816e-001
1.000665762024579e-003,-6.972128e-001
1.000670904989706e-003,-6.960785e-001
1.000676098771612e-003,-6.947618e-001
1.000682525000385e-003,-6.929421e-001
1.000689391900890e-003,-6.908431e-001
1.000694700676688e-003,-6.891472e-001
1.000699986921360e-003,-6.874380e-001
1.000705621408124e-003,-6.856523e-001
1.000712619817274e-003,-6.835454e-001
1.000719718432917e-003,-6.815697e-001
1.000725066487393e-003,-6.802251e-001
1.000730205297520e-003,-6.790721e-001
1.000735399824738e-003,-6.780425e-001
1.000742211256307e-003,-6.768668e-001
1.000750299013904e-003,-6.756397e-001
1.000755999260390e-003,-6.748554e-001
1.000761683959310e-003,-6.741059e-001
1.000768001257110e-003,-6.732546e-001
1.000774461300534e-003,-6.723092e-001
1.000783254355385e-003,-6.708655e-001
1.000789779974144e-003,-6.696566e-001
1.000794970912823e-003,-6.685828e-001
1.000800250735817e-003,-6.673946e-001
1.000805492474668e-003,-6.661298e-001
1.000813146578915e-003,-6.641795e-001
1.000820657702527e-003,-6.622025e-001
1.000827549994595e-003,-6.603738e-001
1.000834604205685e-003,-6.585388e-001
1.000841956319185e-003,-6.567010e-001
1.000847456262100e-003,-6.553978e-001
1.000852555965063e-003,-6.542604e-001
1.000857765046387e-003,-6.531701e-001
1.000864028835424e-003,-6.519468e-001
1.000871886004221e-003,-6.505122e-001
1.000879257242229e-003,-6.492367e-001
1.000886584991391e-003,-6.480027e-001
1.000894479537590e-003,-6.466619e-001
1.000902347611736e-003,-6.452683e-001
1.000911330993161e-003,-6.435796e-001
1.000917659282951e-003,-6.423143e-001
1.000922828924191e-003,-6.412212e-001
1.000928520008633e-003,-6.399648e-001
1.000934248268628e-003,-6.386548e-001
1.000941968420787e-003,-6.368432e-001
1.000950957070789e-003,-6.347122e-001
1.000959439234723e-003,-6.327160e-001
1.000966765731819e-003,-6.310299e-001
1.000972293980701e-003,-6.297970e-001
1.000977840986724e-003,-6.286037e-001
1.000984206810262e-003,-6.272852e-001
1.000991179310795e-003,-6.258982e-001
1.000999982925887e-003,-6.242114e-001
1.001010080658375e-003,-6.223223e-001
1.001019616588111e-003,-6.205423e-001
1.001029591694863e-003,-6.186440e-001
1.001038036523663e-003,-6.169853e-001
1.001044426147136e-003,-6.156864e-001
1.001050668779545e-003,-6.143777e-001
1.001057827061850e-003,-6.128391e-001
1.001065209094591e-003,-6.112220e-001
1.001074051618535e-003,-6.092670e-001
1.001085590343016e-003,-6.067243e-001
1.001094304220778e-003,-6.048324e-001
1.001101259312924e-003,-6.033561e-001
1.001108245089847e-003,-6.019098e-001
1.001116092346131e-003,-6.003246e-001
1.001125005628240e-003,-5.985638e-001
1.001135687159656e-003,-5.964833e-001
1.001148419815170e-003,-5.940047e-001
1.001160222024302e-003,-5.916789e-001
1.001168105601367e-003,-5.900946e-001
1.001175482291536e-003,-5.885815e-001
1.001184422596109e-003,-5.867171e-001
1.001193184315317e-003,-5.848681e-001
1.001204250065637e-003,-5.825241e-001
1.001218439526966e-003,-5.795352e-001
1.001227867055112e-003,-5.775758e-001
1.001236152975200e-003,-5.758837e-001
1.001246340809719e-003,-5.738362e-001
1.001255881816015e-003,-5.719425e-001
1.001268828809804e-003,-5.693869e-001
1.001284240406510e-003,-5.663347e-001
1.001294252499230e-003,-5.643318e-001
1.001303397049835e-003,-5.624791e-001
1.001314660978497e-003,-5.601736e-001
1.001325395207135e-003,-5.579638e-001
1.001340073248473e-003,-5.549435e-001
1.001352895772923e-003,-5.523230e-001
1.001363353460039e-003,-5.502086e-001
1.001374364691611e-003,-5.480064e-001
1.001386507526498e-003,-5.455973e-001
1.001400467000254e-003,-5.428361e-001
1.001415050937501e-003,-5.399445e-001
1.001426347330678e-003,-5.376911e-001
1.001438148528121e-003,-5.353208e-001
1.001451820253855e-003,-5.325630e-001
1.001467039222134e-003,-5.294933e-001
1.001482177575982e-003,-5.264533e-001
1.001494626349827e-003,-5.239714e-001
1.001508409827479e-003,-5.212432e-001
1.001523629903787e-003,-5.182434e-001
1.001543376486518e-003,-5.143531e-001
1.001558377331302e-003,-5.113894e-001
1.001573134973379e-003,-5.084636e-001
1.001590480206287e-003,-5.050216e-001
1.001611003828758e-003,-5.009590e-001
1.001627042331701e-003,-4.978006e-001
1.001643863049008e-003,-4.945061e-001
1.001663118973145e-003,-4.907457e-001
1.001689858938316e-003,-4.855246e-001
1.001710106846245e-003,-4.815673e-001
1.001733407161912e-003,-4.770165e-001
1.001757498444792e-003,-4.723270e-001
1.001776656980073e-003,-4.686151e-001
1.001803432334562e-003,-4.634460e-001
1.001829632797240e-003,-4.583945e-001
1.001851820424620e-003,-4.541202e-001
1.001881076516996e-003,-4.484976e-001
1.001914897938630e-003,-4.420255e-001
1.001949172908669e-003,-4.354950e-001
1.001980535716726e-003,-4.295365e-001
1.002008983647494e-003,-4.241451e-001
1.002045196761096e-003,-4.173062e-001
1.002077783329979e-003,-4.111802e-001
1.002119430345712e-003,-4.033861e-001
1.002167699536780e-003,-3.943896e-001
1.002212381776583e-003,-3.861041e-001
1.002260890432317e-003,-3.771625e-001
1.002314226325896e-003,-3.673866e-001
1.002366079046219e-003,-3.579396e-001
1.002424965679152e-003,-3.472878e-001
1.002495408997885e-003,-3.346442e-001
1.002567101618796e-003,-3.218871e-001
1.002649022297515e-003,-3.074601e-001
1.002749938936640e-003,-2.898923e-001
1.002963158417018e-003,-2.535687e-001
1.003127302031535e-003,-2.264107e-001
1.003352640370396e-003,-1.901080e-001
1.003574942996903e-003,-1.554744e-001
1.003830940990715e-003,-1.171467e-001
1.004105238717951e-003,-7.790763e-002
1.004409554662365e-003,-3.669851e-002
1.004771934624968e-003,9.161116e-003
1.005208845289490e-003,5.964651e-002
1.005811408548943e-003,1.205709e-001
1.006669692948880e-003,1.908122e-001
1.007881566424096e-003,2.638990e-001
1.008847144285422e-003,3.020509e-001
1.009568613081827e-003,3.175418e-001
1.010223015172978e-003,3.226650e-001
1.010904522507373e-003,3.206707e-001
1.011545053437669e-003,3.125376e-001
1.012402603510289e-003,2.937518e-001
1.013392639231374e-003,2.636974e-001
1.014609447197693e-003,2.177152e-001
1.016153856525193e-003,1.516917e-001
1.017687026288304e-003,8.341806e-002
1.019112331924058e-003,2.215732e-002
1.020706198533766e-003,-3.948015e-002
1.022255996213202e-003,-8.926868e-002
1.024067810390816e-003,-1.326069e-001
1.026002544276950e-003,-1.616088e-001
1.027909134137941e-003,-1.730749e-001
1.029847199957039e-003,-1.693514e-001
1.031600544908416e-003,-1.545618e-001
1.033548338371179e-003,-1.284925e-001
1.035439683860143e-003,-9.691362e-002
1.037422941766013e-003,-6.011247e-002
1.039369330470471e-003,-2.318000e-002
1.041220602987291e-003,1.047023e-002
1.043141312752376e-003,4.198965e-002
1.044997140724743e-003,6.774202e-002
1.046932584339287e-003,8.868960e-002
1.048771222744520e-003,1.025177e-001
1.050511114722194e-003,1.095999e-001
1.052406951309612e-003,1.110118e-001
1.054155987382333e-003,1.069021e-001
1.055899671087066e-003,9.786159e-002
1.057789352967901e-003,8.357231e-002
1.059630420332063e-003,6.618404e-002
1.061488986559578e-003,4.618772e-002
1.063252550552543e-003,2.601765e-002
1.065082507856444e-003,4.954791e-003
1.066853116514911e-003,-1.453921e-002
1.068628756829202e-003,-3.234439e-002
1.070301091366793e-003,-4.686435e-002
1.071850809151440e-003,-5.761306e-002
1.073878017265513e-003,-6.734010e-002
1.076175223316011e-003,-7.281144e-002
1.078344120020762e-003,-7.238935e-002
1.080460305622472e-003,-6.682047e-002
1.082589851100799e-003,-5.664745e-002
1.085282872373235e-003,-3.925813e-002
1.087821097160684e-003,-2.022108e-002
1.089927032856309e-003,-3.631388e-003
1.091993304957223e-003,1.205641e-002
1.094100910264895e-003,2.634672e-002
1.096228941746880e-003,3.780193e-002
1.099205723911949e-003,4.843615e-002
1.101757983663518e-003,5.246866e-002
1.103838422935992e-003,5.156205e-002
1.106014154559008e-003,4.690937e-002
1.108108690204271e-003,3.941776e-002
1.111004221350336e-003,2.585313e-002
1.113646370913957e-003,1.183601e-002
1.115773129888152e-003,2.679315e-004
1.117943944800431e-003,-1.081245e-002
1.120016626518753e-003,-1.992848e-002
1.122298162131144e-003,-2.765201e-002
1.124711191293580e-003,-3.280873e-002
1.127188112900425e-003,-3.477951e-002
1.129308789108512e-003,-3.369767e-002
1.131462343178770e-003,-3.010565e-002
1.133632685941576e-003,-2.449560e-002
1.135673690674128e-003,-1.783914e-002
1.137618360538443e-003,-1.069536e-002
1.139164333584056e-003,-4.740437e-003
1.140193360709824e-003,-7.484913e-004
1.140812502858148e-003,1.626528e-003
1.141187917416818e-003,3.045767e-003
1.141411804792565e-003,3.882493e-003
1.141549337508549e-003,4.392038e-003
1.141643851658329e-003,4.740139e-003
1.141747284801817e-003,5.119365e-003
1.141854959460442e-003,5.512017e-003
1.141923140495652e-003,5.759858e-003
1.141981621789954e-003,5.971725e-003
1.142043786306700e-003,6.195820e-003
1.142096068328023e-003,6.383913e-003
1.142150370283782e-003,6.578909e-003
1.142205971044529e-003,6.777669e-003
1.142253977642603e-003,6.948761e-003
1.142308973715821e-003,7.144418e-003
1.142370761941594e-003,7.363386e-003
1.142433472823852e-003,7.584692e-003
1.142502454513730e-003,7.827342e-003
1.142574234880004e-003,8.078716e-003
1.142650701780420e-003,8.345131e-003
1.142742116390647e-003,8.661978e-003
1.142849237382862e-003,9.030882e-003
1.142958469286262e-003,9.404356e-003
1.143076786250779e-003,9.805433e-003
1.143750890993479e-003,1.202194e-002
1.144040328035486e-003,1.293661e-002
1.144355030476996e-003,1.390421e-002
1.144691629234460e-003,1.490581e-002
1.145075039299257e-003,1.600265e-002
1.145510028865332e-003,1.718727e-002
1.146032666745480e-003,1.852087e-002
1.146691115263338e-003,2.005329e-002
1.147560851614716e-003,2.180531e-002
1.148803727529905e-003,2.373435e-002
1.150675544024919e-003,2.546916e-002
1.152808617914657e-003,2.584893e-002
1.154925977717048e-003,2.453491e-002
1.157077054250301e-003,2.157811e-002
1.159581377782447e-003,1.653062e-002
1.162828103132930e-003,8.601550e-003
1.165069510942011e-003,2.742999e-003
1.167155882049382e-003,-2.571354e-003
1.169268086417206e-003,-7.382908e-003
1.171387828900767e-003,-1.125827e-002
1.174118272971271e-003,-1.462821e-002
1.176761588553700e-003,-1.615483e-002
1.178863334211837e-003,-1.594798e-002
1.181170478841505e-003,-1.436175e-002
1.183254607915566e-003,-1.189142e-002
1.186295601099206e-003,-7.131132e-003
1.188691781141499e-003,-2.878722e-003
1.190808794961251e-003,9.911808e-004
1.192960964043724e-003,4.697552e-003
1.195055236255176e-003,7.801374e-003
1.197612808522704e-003,1.061124e-002
1.200801128815265e-003,1.265513e-002
1.203074655046360e-003,1.301111e-002
1.205128869020816e-003,1.240706e-002
1.207209014880227e-003,1.103306e-002
1.209709619872579e-003,8.613578e-003
1.212933259091847e-003,4.823870e-003
1.215290099037911e-003,1.850415e-003
1.217431794212567e-003,-7.802966e-004
1.219594307276236e-003,-3.147777e-003
1.221710114029799e-003,-5.005895e-003
1.224284519644218e-003,-6.530019e-003
1.226967666744152e-003,-7.274501e-003
1.229084498959664e-003,-7.190832e-003
1.231167236603004e-003,-6.522406e-003
1.233259866554997e-003,-5.354984e-003
1.236145081339565e-003,-3.218021e-003
1.238536271990897e-003,-1.184505e-003
1.240717800850497e-003,7.459280e-004
1.242933347343706e-003,2.611069e-003
1.245027760716425e-003,4.135988e-003
1.247745932929511e-003,5.621587e-003
1.250783228378259e-003,6.618076e-003
1.253022887839455e-003,6.830537e-003
1.255075887095276e-003,6.583414e-003
1.257159014574668e-003,5.960922e-003
1.259565819885940e-003,4.879365e-003
1.262458273657232e-003,3.268580e-003
1.265205143603524e-003,1.601115e-003
1.267487199109064e-003,2.427044e-004
1.269802173828020e-003,-9.894781e-004
1.271897914706003e-003,-1.896185e-003
1.274071283295944e-003,-2.535905e-003
1.277090993426351e-003,-2.967098e-003
1.279289887220709e-003,-2.944093e-003
1.281358988000106e-003,-2.627406e-003
1.283441076396189e-003,-2.068479e-003
1.286278528390571e-003,-1.055577e-003
1.288743501298711e-003,-4.357087e-005
1.290872329207676e-003,8.674074e-004
1.293028632175315e-003,1.746044e-003
1.295254025651945e-003,2.522647e-003
1.298350753099618e-003,3.311787e-003
1.301546279027959e-003,3.767828e-003
1.303699375534402e-003,3.822399e-003
1.305744734109240e-003,3.663254e-003
1.307809335534636e-003,3.329492e-003
1.310475780744292e-003,2.711439e-003
1.313637013009342e-003,1.833241e-003
1.316344640236131e-003,1.039343e-003
1.318784195686575e-003,3.659665e-004
1.321262853003915e-003,-2.115667e-004
1.323604541423648e-003,-6.189915e-004
1.325790400655960e-003,-8.413777e-004
1.328489008299368e-003,-9.159375e-004
1.330668883546500e-003,-8.221247e-004
1.332878971909848e-003,-5.863566e-004
1.335177462721974e-003,-2.307192e-004
1.337406589480543e-003,1.885152e-004
1.339557727650004e-003,6.299503e-004
1.341726001051925e-003,1.073360e-003
1.344427393958899e-003,1.570249e-003
1.347596431250436e-003,2.025126e-003
1.350689701460099e-003,2.306014e-003
1.352926150168495e-003,2.383373e-003
1.354970084649348e-003,2.349431e-003
1.357050706409798e-003,2.225845e-003
1.359337494707808e-003,2.003590e-003
1.362463463791318e-003,1.609647e-003
1.366121804556080e-003,1.101188e-003
1.369203624049862e-003,6.936918e-004
1.372184654668536e-003,3.723414e-004
1.374896215932354e-003,1.750360e-004
1.377424909397963e-003,8.846951e-005
1.379718164070240e-003,9.397096e-005
1.381831473235377e-003,1.672884e-004
1.383962940767486e-003,2.995618e-004
1.386566037965648e-003,5.167656e-004
1.389725701183949e-003,8.194665e-004
1.393027721990427e-003,1.133084e-003
1.396799135300617e-003,1.432755e-003
1.400248880236353e-003,1.620147e-003
1.402545888388902e-003,1.679611e-003
1.404576755756699e-003,1.679286e-003
1.406654698314051e-003,1.634433e-003
1.408773270226749e-003,1.547391e-003
1.411832265854628e-003,1.372449e-003
1.415266944166043e-003,1.145636e-003
1.419183046180914e-003,8.960763e-004
1.423525008636890e-003,6.814244e-004
1.427046441484588e-003,5.814139e-004
1.429402252123667e-003,5.657393e-004
1.431451753707602e-003,5.893174e-004
1.433647925965492e-003,6.450677e-004
1.435773327013811e-003,7.232371e-004
1.438762815737699e-003,8.572722e-004
1.442255734259498e-003,1.018138e-003
1.447392534667162e-003,1.223094e-003
1.450699922667250e-003,1.314501e-003
1.452920314596211e-003,1.343620e-003
1.454957458459616e-003,1.344930e-003
1.457035176111280e-003,1.323918e-003
1.459485033284289e-003,1.274816e-003
1.462628567032931e-003,1.186394e-003
1.466373079631104e-003,1.066657e-003
1.471234223522128e-003,9.242040e-004
1.475749542720102e-003,8.297989e-004
1.478589743459792e-003,8.020103e-004
1.480823019340072e-003,8.031498e-004
1.482905275493110e-003,8.206616e-004
1.485062981156312e-003,8.522824e-004
1.487227683728658e-003,8.946031e-004
1.489964162260150e-003,9.565834e-004
1.493476360172709e-003,1.036316e-003
1.497838691419793e-003,1.122265e-003
1.500504391857446e-003,1.160197e-003
1.502699630982445e-003,1.177103e-003
1.505027478848360e-003,1.181301e-003
1.507140113815925e-003,1.172867e-003
1.510142979423669e-003,1.144555e-003
1.513372482522158e-003,1.100450e-003
1.517633965231399e-003,1.034363e-003
1.522665440750437e-003,9.647862e-004
1.526749496670661e-003,9.266068e-004
1.529650312221237e-003,9.159794e-004
1.532225806390483e-003,9.197692e-004
1.534640722029800e-003,9.329047e-004
1.536836700708477e-003,9.514681e-004
1.539188969929387e-003,9.761298e-004
1.541435181935459e-003,1.001890e-003
1.544299563266611e-003,1.034217e-003
1.547505451573599e-003,1.065996e-003
1.550135103045627e-003,1.085866e-003
1.552542285890483e-003,1.096970e-003
1.555003171373822e-003,1.100399e-003
1.558071241964221e-003,1.094581e-003
1.561467466282507e-003,1.077860e-003
1.565538978292117e-003,1.049221e-003
1.570229767040004e-003,1.015537e-003
1.576490253107606e-003,9.814027e-004
1.580205359923411e-003,9.722764e-004
1.583248966586773e-003,9.745116e-004
1.586377226067907e-003,9.842559e-004
1.589667320280879e-003,9.998108e-004
1.593139761633492e-003,1.018786e-003
1.596781630416923e-003,1.037668e-003
1.600549227936174e-003,1.052591e-003
1.604231627099077e-003,1.059953e-003
1.608458172113918e-003,1.059049e-003
1.612503951832686e-003,1.050178e-003
1.617284667926138e-003,1.033793e-003
1.622593131866711e-003,1.015974e-003
1.629141908040457e-003,1.001616e-003
1.633480533187220e-003,9.998146e-004
1.637376363567594e-003,1.004931e-003
1.642295176820567e-003,1.016426e-003
1.646768607149191e-003,1.027490e-003
1.653354554986607e-003,1.039462e-003
1.658206132562641e-003,1.042214e-003
1.663136212362442e-003,1.038387e-003
1.668731203337063e-003,1.029493e-003
1.674865038219711e-003,1.019706e-003
1.682300862986884e-003,1.012994e-003
1.692765646682136e-003,1.018750e-003
1.698851352002400e-003,1.026060e-003
1.706160799543784e-003,1.032213e-003
1.712244308118245e-003,1.032866e-003
1.718570732549045e-003,1.029175e-003
1.725716925891306e-003,1.023492e-003
1.734459495886161e-003,1.019107e-003
1.747949510687325e-003,1.023108e-003
1.755824777989226e-003,1.027079e-003
1.773951722793752e-003,1.026322e-003
1.783519628776162e-003,1.023064e-003
1.803218865485184e-003,1.023900e-003
1.814198636735917e-003,1.026182e-003
1.827111931723395e-003,1.025951e-003
1.840295263905479e-003,1.023957e-003
1.852309144994601e-003,1.023362e-003
1.863025881613813e-003,1.024454e-003
1.877290812118251e-003,1.025615e-003
1.891657537657619e-003,1.025026e-003
1.908143902161823e-003,1.024123e-003
1.926065536925942e-003,1.024566e-003
1.946444412014665e-003,1.025100e-003
1.968109005136451e-003,1.024332e-003
1.981267064193126e-003,1.024034e-003
1.988910363129594e-003,1.024553e-003
1.989271062909550e-003,1.024603e-003
1.997489699775503e-003,1.025205e-003
2.000000000000000e-003,1.025300e-003
