3000,-0.28132368537593189,-3.00627349802489,-0.53212430055786086
3013.8612640404381,-0.28835296571590308,-3.0234495620736408,-0.31328783678773675
3027.7865729611422,-0.29102886571672487,-3.0321840274564913,-0.27562418990069659
3041.7762226764462,-0.26539030405514391,-2.8224079624327119,-0.54387351095317626
3055.8305104679275,-0.30070310808167222,-3.0591404720206272,-0.068204211383275037
3069.9497349907347,-0.28285603389265568,-2.942536428476485,-0.66098059989122149
3084.1341962799279,-0.29939377026654734,-3.0550356265248468,-0.44207254018375863
3098.3841957568543,-0.29661286288128963,-3.016337957453346,-0.53402430418508118
3112.7000362355579,-0.31617716720854777,-3.0817718202099851,0.37198874062148946
3127.0820219292054,-0.30456317104057684,-3.0354062571838796,-0.35666786006291318
3141.5304584565606,-0.3043131656512193,-3.0239523917796998,-0.45683190935761075
3156.0456528484756,-0.30726926232198803,-3.0166485037870778,-0.37979840775196294
3170.6279135544119,-0.30259224686457897,-2.9560487707906939,-0.23895383356369848
3185.2775504490005,-0.30923933126330727,-3.0254722941842456,-0.55974670348620492
3199.9948748386182,-0.3117594075493032,-3.0120246925414773,-0.45309488397350073
3214.7801994680135,-0.3144177324228401,-3.0107165360810182,-0.4115563506071509
3229.633838526946,-0.31379497538032575,-3.0078711140860954,-0.58518715780361674
3244.5561076568642,-0.31253230072509913,-2.9629049013784137,-0.22558820113378886
3259.5473239576149,-0.31759345674249756,-3.0123639870328689,-0.52523811600012493
3274.6078059941747,-0.32710963552667888,-3.0430617572439536,-0.26841720609529318
3289.7378738034295,-0.32198600924398701,-3.0270185884381489,-0.68468568453755552
3304.9378489009691,-0.32411755171008583,-3.0076023647178163,-0.55476531038418386
3320.2080542879198,-0.32067317823568892,-3.0093893705032704,-1.1653803477041862
3335.548814457813,-0.33035993077196874,-3.0230085716403137,-0.54590923927643864
3350.9604554034695,-0.33070124750730151,-3.0063716236227394,-0.49782515281454209
3366.443304623941,-0.32874430367482133,-2.9789466786879082,-0.58568828059919298
3381.9976911314598,-0.33426466901395968,-3.0049017625068757,-0.57650219122302815
3397.6239454584343,-0.33490031898879119,-2.9980880513069836,-0.6389155256750616
3413.3223996644742,-0.33671593055569171,-3.0044785942093224,-0.5785782522224423
3429.0933873434378,-0.33872848854003884,-2.993920320832268,-0.62639211727358202
3444.9372436305334,-0.3413431690915269,-3.0006624325051017,-0.66873472456352401
3460.8543052094337,-0.33607388332149457,-2.9525834078860496,-0.75215551897571231
3476.8449103194316,-0.34167149276223352,-3.0013875139553372,-0.86260784930746581
3492.9093987626302,-0.34558781265796151,-2.9939986113027421,-0.69836402180979462
3509.048111911156,-0.336270167008479,-2.922831268970834,-1.017079211052959
3525.2613927144225,-0.35070014446050074,-3.0077279603899894,-0.75679183885432622
3541.5495857064147,-0.3543450762798967,-3.0097233446346152,-0.69200974096204959
3557.9130370130079,-0.36628742458990954,-3.1292816330757933,-1.2151677219827945
3574.352094359328,-0.35839169174441698,-3.0200678598758719,-0.7991137675427602
3590.8671070771302,-0.36438823872734205,-3.0048726420475873,-0.24716920955339106
3607.4584261122368,-0.36098172390512984,-3.0007139950267616,-0.7160716380357286
3624.1264040319847,-0.36281265529869622,-2.9986169218806351,-0.79039780876545684
3640.8713950327237,-0.36383498936652742,-2.9957174945450511,-0.77416990779605044
3657.6937549473323,-0.3613663291818161,-2.9871708198839633,-1.1809082961226096
3674.5938412527939,-0.36977723884903535,-3.0110971428286328,-0.88131527498728701
3691.572013077785,-0.3683680972409778,-2.9847757833826076,-0.87048535996033394
3708.6286312103057,-0.37142744857747384,-3.0005464577458776,-0.99929032836607945
3725.764058105352,-0.3754792548647935,-3.0106165424496814,-0.85003806828096629
3742.9786578926096,-0.37584932812588795,-2.9939389942542807,-0.94546844835355159
3760.2727963842003,-0.37716219031934223,-2.9871836897110455,-0.93634852306949767
3777.6468410824527,-0.37815880831932369,-2.9969472488536479,-1.1006986721367298
3795.1011611877093,-0.38710767914255478,-3.0172845051843034,-0.65633530734849899
3812.6361276061766,-0.38190266553936991,-2.9783968028041792,-0.99296746635998723
3830.2521129577972,-0.38434159457969286,-2.9863842917975782,-1.0148504604168807
3847.9494915841815,-0.38735346773828455,-2.9787357670162162,-0.92945107947455341
3865.7286395565538,-0.38718298968804804,-2.9746150309819122,-1.0946168073706133
3883.5899346837459,-0.39046781879414694,-2.9882405532103693,-1.0408593544835441
3901.5337565202276,-0.38880782859637308,-2.9732427633937015,-1.3112939559355752
3919.5604863741637,-0.39326333635432853,-2.9756960353945239,-1.1152746719332072
3937.6705073155299,-0.39415258840358158,-2.9873040805156901,-1.2688146352236629
3955.8642041842454,-0.39785662462689225,-2.9825394665428266,-1.1570589998287204
3974.1419635983502,-0.39708961975317197,-2.9618483315979316,-1.1751363987137609
3992.5041739622266,-0.40055712414256794,-2.968871996382723,-1.1807125194139871
4010.9512254748397,-0.40193713286904542,-2.9780192562302288,-1.2219834927201845
4029.4835101380481,-0.4152269471486289,-3.0088477576487853,-0.67922918664376652
4048.1014217649195,-0.39364915040302562,-2.8478712894557283,-0.87964353674004769
4066.8053559881046,-0.41025325486278019,-2.9663547105487975,-1.2415662268838048
4085.595710268246,-0.41044842074614124,-2.9559299968411841,-1.2443871657300178
4104.4728839024156,-0.41324941088497769,-2.963013366127818,-1.2057573871422989
4123.4372780326121,-0.41238061838638351,-2.9507765524388558,-1.3625968985680004
4142.4892956542772,-0.41467972981610168,-2.9747723043272174,-1.514759237440515
4161.6293416248609,-0.42585952545927186,-2.9855097855403634,-0.86511889853531088
4180.8578226724285,-0.42113277504985552,-2.9747012458393991,-1.3754153421964475
4200.1751474042921,-0.42203529198663964,-2.9571791373539491,-1.2932327174601386
4219.5817263157114,-0.42580086090648273,-2.9859268771021852,-1.4724475535681734
4239.0779717986015,-0.41255506182295648,-2.8860891801262318,-1.7499337043054339
4258.6642981503046,-0.42930623781657518,-2.9790450545245624,-1.4760574933631005
4278.3411215823871,-0.42833403181228036,-2.9488089881161654,-1.3998526218815215
4298.1088602294931,-0.43044455851665669,-2.9566652529521535,-1.4473124805855826
4317.9679341582214,-0.44970957604861755,-2.9874047769149943,-0.40238411433992383
4337.9187653760582,-0.43552575382427838,-2.9514478623999962,-1.4938990982261373
4357.9617778403435,-0.43617502261573987,-2.9493116247389528,-1.502982701022944
4378.0973974672706,-0.44131772301910571,-2.9246334940047509,-1.0142635017068642
4398.3260521409538,-0.44023310361913637,-2.9457378200617486,-1.5254098872516275
4418.6481717225079,-0.44578855606640538,-2.9839526073442419,-1.6856053119619574
4439.0641880591893,-0.44483295246146715,-2.9582892844800757,-1.6619078201714927
4459.5745349935714,-0.44585469438419689,-2.954595842426841,-1.5654793474926691
4480.1796483727576,-0.44186407217700391,-2.8970585098594528,-1.4134586154597955
4500.8799660576551,-0.44971668813068849,-2.9548521555011771,-1.6808661162064311
4521.6759279322687,-0.45139625706776071,-2.9406426141873303,-1.6786605335077311
4542.5679759130562,-0.45292503822336078,-2.9429708429684287,-1.7016473476397209
4563.556553958314,-0.45569686122882641,-2.9392235484191689,-1.6624431817193361
4584.6421080776099,-0.45686755367495552,-2.9553680213960702,-1.8397284354257906
4605.8250863412677,-0.4557373552232688,-2.9237436082043549,-1.6789781366612146
4627.1059388898848,-0.45980440855029053,-2.9447167854197409,-1.8717531939575309
4648.4851179438947,-0.46434712583851268,-2.9296307774847645,-1.7796296471194637
4669.9630778131859,-0.46462499798741114,-2.9461811634723829,-1.8187785743719118
4691.5402749067407,-0.46712362301310384,-2.9469703822646771,-1.8633452538493458
4713.2171677423512,-0.46787392650899073,-2.937972593753849,-1.815970249862104
4734.9942169563519,-0.46850726846357721,-2.9393134315302722,-2.0208630618738255
4756.8718853134114,-0.47389688471764457,-2.931062053567449,-1.8903908764631794
4778.8506377163694,-0.47540404381413354,-2.9531278436306909,-1.9968771516898585
4800.9309412161028,-0.47722788826639539,-2.9459194366282033,-1.9045133856829608
4823.1132650214713,-0.47674878223753353,-2.9331950167963545,-1.9418227069106706
4845.3980805092715,-0.47804649144310507,-2.9231129317718585,-1.9998742275999959
4867.7858612342616,-0.48108063358732994,-2.9190164431976284,-1.9006922660855992
4890.2770829392239,-0.48626090765184993,-2.9326853933824948,-1.6942665719207639
4912.8722235650648,-0.48304120779353299,-2.9354901030144758,-2.1058352251333474
4935.5717632609876,-0.4868531818369573,-2.9378473095165147,-2.051405014169557
4958.3761843946841,-0.48622233675586835,-2.9168789683634708,-2.0659293634630274
4981.2859715625891,-0.491826063855199,-2.9149184347158874,-1.9082409820754123
5004.3016116001772,-0.49641487516039795,-2.9389520743397037,-2.2278637083682327
5027.4235935923034,-0.49451876140982848,-2.9277129725856859,-1.9835693282524858
5050.6524088836068,-0.49452774429059426,-2.9376709159243681,-2.2482787365127024
5073.9885510889444,-0.4999214925167399,-2.9552167880570872,-2.3646005621510113
5097.4325161038787,-0.4982782686600481,-2.941596418976121,-2.3273711275843141
5120.9848021152238,-0.49825467909110771,-2.8953092977617976,-2.3552159067789233
5144.6459096116205,-0.5016386514845893,-2.9360563905635773,-2.3805254127185265
5168.4163413941815,-0.5034392313121987,-2.9193031598678965,-2.284517121422283
5192.2966025871747,-0.50540623706380328,-2.9180479121722396,-2.27303666442603
5216.2872006487514,-0.52183504609143172,-3.0521428880719172,-2.7707211187371854
5240.3886453817368,-0.51120436910630773,-2.9312537030781396,-2.332654461429307
5264.6014489444533,-0.51508714872505801,-2.9156286350851031,-2.3210519615867327
5288.926125861617,-0.51228763009349021,-2.9149960063083027,-2.4114838035499702
5313.3631930352631,-0.52657501037197485,-2.9836803507390215,-2.2027347669260067
5337.9131697557314,-0.51642398007075174,-2.9302969324971837,-2.5117595553402694
5362.5765777127062,-0.51676795393078301,-2.9104640895935479,-2.4667790178654379
5387.3539410062876,-0.53322833985476459,-3.0014451672602021,-2.4986796299142888
5412.2457861581479,-0.52667327488752225,-2.9252311578468468,-2.5535788211768562
5437.2526421227103,-0.52390681300923547,-2.9140353050910046,-2.5165072458140543
5462.3750402983878,-0.52501765595182837,-2.9237705593649777,-2.6000794506387539
5487.6135145388816,-0.52728273632201972,-2.9219947639484261,-2.622116342091795
5512.9686011645144,-0.52752926489388763,-2.9048377889972827,-2.604582869632452
5538.4408389736427,-0.52768183334231533,-2.8837597952038752,-2.6065633147479659
5564.0307692540955,-0.53806234418447996,-2.9282575605106311,-2.7093230869146012
5589.7389357946795,-0.53271664467797741,-2.8935754626742587,-2.6271538856708503
5615.5658848967369,-0.53284098091368581,-2.9195688313916985,-2.8762996506854819
5641.5121653857477,-0.53853295443897065,-2.9303748033893253,-2.8703445412640463
5667.5783286229998,-0.53945146024789781,-2.9336110587498103,-2.8707452091727781
5693.7649285173011,-0.54093332292989116,-2.9152835379066078,-2.8667223892195537
5720.0725215367556,-0.54865410061187425,-2.9285625201226373,-2.8598637722590468
5746.5016667205837,-0.5445129990768296,-2.9091590785691275,-2.8719980068679121
5773.052925690994,-0.5324715984523849,-2.8476512190473375,-3.1798849064345518
5799.7268626651357,-0.5468497118322867,-2.9073630686213225,-2.8527389248781372
5826.5240444670771,-0.53561714918629222,-2.8405226046872882,-3.1164072696559089
5853.4450405398493,-0.5518220729562322,-2.9161351697735389,-2.982336871097317
5880.4904229575577,-0.55619730260570766,-2.9119867504852959,-3.0067812299451759
5907.6607664375179,-0.56225729908357203,-2.9004915184493334,-2.9748181158817459
5934.9566483524932,-0.55447484410645365,-2.8980396227786507,-3.032177144109923
5962.3786487429488,-0.55581174807186995,-2.9002123884949969,-3.1105430513567001
5989.9273503293798,-0.54273008509161313,-2.8325623387853165,-3.5308186815562408
6017.6033385247019,-0.5605786125206752,-2.9111796977736248,-3.1276074120663253
6045.4072014466728,-0.56581252711391694,-2.9162339434526334,-3.1094508678720132
6073.3395299304111,-0.573058169469567,-2.9328710811215086,-3.1680128675418686
6101.4009175409428,-0.58114594513077644,-2.9109689268515622,-3.205154476468266
6129.5919605858107,-0.56671126365631197,-2.9036715619967399,-3.2007777935282604
6157.9132581277563,-0.56154358390291281,-2.8586935562784053,-3.1511405341632894
6186.3654119974299,-0.57110755603066421,-2.9070159852813395,-3.1005890472538766
6214.9490268062063,-0.56906971137021389,-2.8882951598330724,-3.2689442212014796
6243.6647099590145,-0.57072716059175754,-2.9138964819040929,-3.9414068784777498
6272.5130716672502,-0.57888518222176688,-2.8908841429361165,-3.508279221420139
6301.4947249617453,-0.57535581483570986,-2.9010931342283648,-3.4920460281936947
6330.6102857057867,-0.57560687645929143,-2.901333337528071,-3.4921743108186405
6359.8603726082129,-0.57978275323545558,-2.9047465650809463,-3.4298612677788753
6389.2456072365594,-0.5792371786454974,-2.9078351728907337,-3.494936537294052
6418.7666140302645,-0.57999380706072301,-2.8741745275657387,-3.4017132558147551
6448.4240203139416,-0.58704764929909103,-2.9123519285399926,-3.5790523673768888
6478.2184563106994,-0.5951271243441637,-2.9030708172782367,-3.5742983537834334
6508.1505551555538,-0.59974012948483901,-2.9030802977232217,-3.5945567463696761
6538.2209529088641,-0.60243505527085928,-2.9756938142696656,-3.498126087816523
6568.4302885698626,-0.58827702738724363,-2.9012506618666949,-3.6879329752218979
6598.7792040902241,-0.5894863770718165,-2.8961108322663143,-3.7179971106504581
6629.2683443877067,-0.59034668707630422,-2.8796980099965577,-3.6942642118346924
6659.8983573598643,-0.59611798380752801,-2.8961925203363799,-3.7685026225489935
6690.6698938978125,-0.60279044043153251,-2.9066309109229977,-3.9090591931246621
6721.5836079000546,-0.60938693925262732,-2.8938457930260455,-3.8153178177004889
6752.6401562863857,-0.60377484478482335,-2.9195646204437828,-3.7804536026437745
6783.8401990118346,-0.59610202445075489,-2.888380923970475,-3.8980547622980168
6815.1843990807156,-0.6036738370907655,-2.9088102785041663,-3.8355612129489032
6846.6734225606924,-0.60326035428001212,-2.9058491108905118,-3.8670482754502871
6878.3079385969459,-0.60582525395243991,-2.8916003567851285,-3.9313092590451646
6910.088619426394,-0.61260132361982311,-2.8980711245533719,-3.9650957870123591
6942.0161403919583,-0.62195627650286589,-2.9258792316017996,-4.3596132083065413
6974.091179956944,-0.6161589928922937,-2.9097311248490785,-4.0902693182457739
7006.3144197194379,-0.61142864815457743,-2.9018673496237462,-4.0328597451190902
7038.6865444267878,-0.61081059284810013,-2.9006705061880798,-4.1174843727476329
7071.2082419901835,-0.61247338722914291,-2.8915831253914921,-4.0879876380796674
7103.8802034992323,-0.61405966804644385,-2.9136185556543297,-4.347292195322467
7136.7031232366799,-0.62052150842171405,-2.9049564927824156,-4.1096269035389952
7169.6776986931509,-0.6233513806952069,-2.8979239094364511,-4.2607644509369749
7202.8046305819553,-0.63137661590163641,-2.8960362875518442,-4.2497165930832068
7236.0846228540204,-0.62287013167123773,-2.9121439082066702,-4.268609171899385
7269.5183827127985,-0.62217547758384384,-2.9179369741620391,-4.3776639440250733
7303.1066206293308,-0.62179393998164056,-2.8989924733295598,-4.4241555900844247
7336.8500503573396,-0.62880968455974695,-2.9431896011578469,-4.4482558551202658
7370.7493889483712,-0.63142289457131584,-2.9502680325782435,-4.544132819040783
7404.8053567670777,-0.62551375343227433,-2.9009081764833726,-4.6880581019352014
7439.0186775064767,-0.63630665607434045,-2.8990472960658393,-4.5581401558039687
7473.3900782033661,-0.64017930234721221,-2.9143303549031612,-4.6244026547581711
7507.9202892537578,-0.63428679598551474,-2.9076150749842871,-4.586634978817159
7542.6100444283938,-0.62837917673755028,-2.895086609915611,-4.6459010707851434
7577.4600808883533,-0.63113834054365114,-2.8930217807039345,-4.658422391846841
7612.4711392007111,-0.6323676629076096,-2.8983323383626702,-4.66031585624782
7647.6439633542695,-0.63319724152305745,-2.9110944650195547,-4.9207764107145948
7682.9793007753788,-0.64093087310783114,-2.9081170913928087,-4.7411036862171585
7718.4779023438005,-0.6480440622647804,-2.9063956407820002,-4.7620413582450851
7754.140522408692,-0.65312194913462207,-2.9073623890934046,-4.8318669769015585
7789.967918804613,-0.64733447740586481,-2.9176216008439249,-4.8886403830937866
7825.9608528676436,-0.64126006673296465,-2.9055681638963682,-4.9646999582928331
7862.1200894515578,-0.64374101281531293,-2.9105294753274986,-4.9268507605577057
7898.446396944064,-0.64478451230582623,-2.9288484926867389,-5.04138966886471
7934.9405472831604,-0.64424816817242858,-2.8975185484582044,-4.89512113138845
7971.6033159735161,-0.6557595207815623,-2.9490677362084772,-4.9355382652442472
8008.4354821029629,-0.65680943313583007,-2.9255139703219637,-5.0338216991414839
8045.4378283590468,-0.66219167736805939,-2.9172517630691082,-5.2371386656509173
8082.6111410456506,-0.66045228520728083,-2.9074778353119486,-4.9986530446302879
8119.9562100997246,-0.65383032471551916,-2.9176307899671272,-5.2822724632261924
8157.4738291080521,-0.65251265778533618,-2.906642878164059,-5.2281358041293515
8195.1647953241281,-0.65647060570436555,-2.9231300305633408,-5.2324077823661526
8233.0299096850958,-0.65353590956731999,-2.9160423788682932,-5.3322664348044668
8271.0699768287523,-0.65847012232888802,-2.9232694462284141,-5.2862724836821577
8309.2858051106723,-0.66063992590714982,-2.9313640384833937,-5.396571569374558
8347.6782066213727,-0.66213682047360545,-2.8984733987946991,-5.3478961410525994
8386.247997203569,-0.67140598071998558,-2.91595129392809,-5.5196002851657404
8424.9959964695172,-0.67068195755297,-2.9298583453168625,-5.5299369236109328
8463.9230278184168,-0.6634449383948664,-2.911626246572641,-5.5015486333024626
8503.029918453929,-0.66241895188699629,-2.9142360078082246,-5.5973930727092238
8542.317499401739,-0.66225613778403614,-2.9214919484856292,-5.6510729877025447
8581.7866055272261,-0.6631284822203608,-2.9178426011286405,-5.7640694029903159
8621.4380755531984,-0.66923603156429767,-2.9324427017386467,-5.6783087216873014
8661.272752077708,-0.6685797712341035,-2.9213122390593034,-5.7262252556738815
8701.2914815919758,-0.67412133831372123,-2.9298691656982285,-5.8435825460738018
8741.4951144983606,-0.6817935173928622,-2.9467457340952552,-6.0083961286294105
8781.8845051284479,-0.68419521843699549,-2.950941168571108,-6.0619011324571659
8822.4605117611918,-0.67713694666279434,-2.9360198954567047,-5.9700515029604162
8863.2239966411435,-0.67383396263494422,-2.92811443882644,-5.9323825643637633
8904.1758259968065,-0.67506417009171471,-2.9497398256367822,-6.0328774862644252
8945.3168700590159,-0.67594064789888397,-2.9279152020775427,-5.874979487036029
8986.6480030794391,-0.68279519281004419,-2.9661885297549073,-6.0724911193335522
9028.1701033491627,-0.68212075542861017,-2.9447378225010112,-5.9263622879952216
9069.8840532173344,-0.68032038775512049,-2.9313249543641557,-6.1718694206462317
9111.7907391099343,-0.68527267264784464,-2.9302455172715867,-6.2187584423585278
9153.8910515486077,-0.69612848158656027,-2.9359944515433423,-6.2771117393544635
9196.1858851695797,-0.68886875087901522,-2.940399019231803,-6.2966315092928369
9238.6761387426795,-0.68490281444330903,-2.9373021804465416,-6.3446195422998883
9281.3627151904147,-0.68253863147380156,-2.9388160385667419,-6.388336281279301
9324.2465216071905,-0.68381342261028832,-2.9349059728581421,-6.415565498502815
9367.3284692785692,-0.68555636342971127,-2.93995951299536,-6.4761154058634531
9410.6094737006297,-0.68609676433974376,-2.9410885568139378,-6.5858956682407381
9454.0904545994363,-0.68657280210845484,-2.9410424488470222,-6.5742734728709706
9497.7723359505671,-0.69043705854749393,-2.9470821899163124,-6.6002806615073126
9541.6560459987595,-0.69520280129454204,-2.9469633509877262,-6.670544049734616
9585.7425172776366,-0.70453459848252353,-2.9440718201116645,-6.6292818906913595
9630.0326866295145,-0.70027304462114892,-2.9544928398493897,-6.7322300493793179
9674.5274952253276,-0.69492338396176367,-2.953972451209613,-6.8065791317190758
9719.2278885845917,-0.69294026897428096,-2.9554761422861113,-6.8404630998254845
9764.1348165955442,-0.6946533033153639,-2.957124874297643,-6.9187807062552196
9809.2492335352999,-0.69339770621174679,-2.9488957459850211,-6.959699268767082
9854.5720980901315,-0.69636378146633082,-2.961329392106288,-6.9675195343118155
9900.1043733758543,-0.69608162794107686,-2.9587146063497927,-7.0324352320025696
9945.847026958274,-0.69881812221076234,-2.9637416594311388,-7.0541049326638516
9991.8010308737666,-0.70164667747614107,-2.9627353387985971,-7.1250823860093391
10037.96736164992,-0.70990568469097892,-2.9682898180655304,-7.167720650943906
10084.347000326294,-0.71382779895481363,-2.9631615944252641,-7.2389577317152849
10130.940932475274,-0.70790584980529925,-2.9740541835922278,-7.265205379305911
10177.75014822298,-0.70221970932397626,-2.9616700389894079,-7.3223533441481834
10224.775642270355,-0.70370835374011387,-2.9903985859154507,-7.4206661116253088
10272.018413914277,-0.70328962601430001,-2.9732776887937811,-7.4961135728667614
10319.479467068773,-0.70621690267239245,-2.9813315129724693,-7.4510771112102177
10367.159810286419,-0.70374988909626612,-2.9736140356105878,-7.5623417841234613
10415.060456779685,-0.70953002826764433,-3.0030548149936536,-7.6518530305395416
10463.182424442533,-0.7072637501200546,-2.9823334140329338,-7.6284716479423977
10511.526735872028,-0.71080896202604094,-2.9861205997415992,-7.6935737051542592
10560.094418390036,-0.71665469465566156,-2.9859057069607111,-7.7506104274680467
10608.886504065127,-0.72427786360650404,-2.9899305722132774,-7.7876405152412111
10657.904029734424,-0.71674004409866099,-2.9906732609052522,-7.8543792655397766
10707.14803702569,-0.71272759322170376,-2.9934009740168896,-7.8678743460375244
10756.619572379452,-0.7143825240374353,-3.0029986989243707,-7.9324720987802948
10806.319687071211,-0.71139228064138305,-2.9904392281755454,-8.00102245936705
10856.249437233841,-0.71195846295581955,-2.9854113369079616,-7.948677201774359
10906.409883879958,-0.71500285043629574,-3.0016058397807588,-8.1278474855144367
10956.802092924527,-0.71515893307527045,-3.0011554480740466,-8.2035518262530047
11007.427135207483,-0.71621676632423448,-3.0074864030803914,-8.2557336551829934
11058.286086516473,-0.71878484590388525,-3.0132719565577801,-8.3140357340728315
11109.380027609781,-0.72117499247395545,-3.010375910746788,-8.3389986427549729
11160.710044239204,-0.73052243436161479,-3.0202353149257593,-8.3472556134029219
11212.277227173194,-0.73231946273598247,-3.0322696221041809,-8.4916569329067357
11264.082672220011,-0.72611279901037895,-3.0325222240590604,-8.5375028787056451
11316.127480250992,-0.72303935825719678,-3.0218093655946312,-8.5631032781813303
11368.412757224001,-0.72292157078356079,-3.0328430141300604,-8.6340421029057666
11420.939614206856,-0.72203936941627245,-3.0238046443084956,-8.6825868890426534
11473.709167400997,-0.72543693554219024,-3.0514022350425591,-8.7834520332596639
11526.722538165182,-0.72624667269477605,-3.0479080823924809,-8.7982368120468379
11579.980853039302,-0.72519820968314019,-3.0364484652522119,-8.8492295391228026
11633.485243768371,-0.72558071852692363,-3.0401964277825302,-8.9166586378092738
11687.236847326511,-0.72808972793744331,-3.0619120957025121,-9.0061643247107668
11741.236805941153,-0.72811826175329453,-3.0427719131420621,-9.052850113387656
11795.48626711731,-0.73433354558780284,-3.0446779190449336,-9.107429357244456
11849.986383661928,-0.74528253757356844,-3.0684926654490647,-9.1918185997963686
11904.738313708445,-0.73711042013554817,-3.073290849457091,-9.2682370625076658
11959.743220741322,-0.72930425588516712,-3.0510212003155872,-9.2985328890920158
12015.002273620834,-0.73012057232371796,-3.0637991774535061,-9.3322998477312566
12070.516646607879,-0.73204711695036484,-3.0743758582256508,-9.4269896356689316
12126.287519388918,-0.73161066904406402,-3.068022016193634,-9.462482635070133
12182.316077101097,-0.73322791544348198,-3.0863587447021876,-9.5078355903153238
12238.603510357354,-0.73206964787136641,-3.0700732533023234,-9.5313167709842759
12295.151015271784,-0.73395831940663547,-3.0921788456152877,-9.6132855074493193
12351.959793485037,-0.73305456888407183,-3.0799117092937682,-9.7263301894061129
12409.031052189821,-0.73448717217711601,-3.079696387558748,-9.8273811165963991
12466.366004156625,-0.73675760390466583,-3.0885735049994079,-9.8832146016212619
12523.965867759411,-0.74467377318523265,-3.1244137293937939,-10.009244793006445
12581.83186700156,-0.75123323744029724,-3.0953497037492586,-10.011777851332752
12639.965231541868,-0.74480813321120209,-3.099056824920507,-10.071885955810133
12698.367196720646,-0.74062504738557688,-3.1025332833746693,-10.130583642833514
12757.039003586046,-0.73979497792871485,-3.1194300654768075,-10.226580838649895
12815.981898920336,-0.73793936819168515,-3.1048932998823653,-10.323327794388604
12875.197135266473,-0.73901645212200784,-3.1136458027794003,-10.352623796846217
12934.685970954686,-0.74151551797721704,-3.1399752858322922,-10.454822898067441
12994.449670129196,-0.74318439669680669,-3.1366136004946581,-10.487181964529938
13054.48950277515,-0.74107268067766419,-3.1272131789993569,-10.582148548670148
13114.806744745514,-0.74131632227747446,-3.1316400087661984,-10.634460420380371
13175.402677788257,-0.74279564318923741,-3.1553424048668188,-10.721378895502028
13236.278589573571,-0.74201484853562283,-3.136842376114525,-10.773921169438186
13297.435773721187,-0.74374132870721876,-3.1452777141296067,-10.887020089727226
13358.875529827967,-0.75003412998670838,-3.1497620043339647,-10.951047670662902
13420.599163495395,-0.75598337779508551,-3.1364510798695999,-10.955500609278465
13482.607986357427,-0.7500824639632192,-3.146894649004826,-10.997541615699134
13544.903316108306,-0.74769905368377776,-3.1643092744728039,-11.176940418074004
13607.486476530557,-0.74725032617567255,-3.1703589116408319,-11.273343401723537
13670.358797523191,-0.74580937952134252,-3.1730082887759319,-11.327797732640505
13733.521615129855,-0.74666873157781932,-3.1790047703457089,-11.411493862304887
13796.976271567315,-0.74533770419006307,-3.1742723164484432,-11.627854912989875
13860.724115253939,-0.74828288919453723,-3.1888832105213272,-11.571900552414974
13924.766500838332,-0.74885425674058492,-3.1951603337468235,-11.655654155921681
13989.104789228195,-0.74933326944966405,-3.2037908181882164,-11.741682464762782
14053.740347619143,-0.75032022379034224,-3.2053817379826017,-11.811698595332473
14118.674549523843,-0.74977594532067626,-3.2094741728927936,-11.892171478486858
14183.908774801172,-0.75123716961466291,-3.2160774363992335,-11.994890870465312
14249.444409685499,-0.75349588016204283,-3.2232250641417632,-12.038977770738839
14315.282846816237,-0.75832113642444288,-3.225131730682596,-12.147706332710698
14381.425485267328,-0.76724617555526053,-3.2288024825125139,-12.252979514515431
14447.873730577052,-0.76040169676158131,-3.2390004290444692,-12.341232777267436
14514.628994777871,-0.75648228960953023,-3.2447838273065877,-12.415557385230827
14581.692696426402,-0.75414374856536814,-3.2490191092507912,-12.517156580589386
14649.066260633639,-0.7541137830511484,-3.2584172010159578,-12.586912758846026
14716.751119095143,-0.75405009564322523,-3.2612049984601454,-12.695329679058077
14784.748710121539,-0.7548084851576311,-3.2697535415344885,-12.765705644273469
14853.060478669053,-0.75451802156201409,-3.270675792389742,-12.860201089099746
14921.687876370186,-0.75724646214834213,-3.2837959300780155,-12.827837944128305
14990.632361564651,-0.75519768876989146,-3.2854161004699862,-13.06037782761387
15059.895399330246,-0.7567401776552557,-3.2955427350788593,-13.135376342104093
15129.478461514076,-0.75704887273450649,-3.3035516814436838,-13.237955491035265
15199.383026763806,-0.75635997374186092,-3.3086797966151749,-13.31013403532296
15269.61058055904,-0.75652740407182861,-3.3126654891597878,-13.434030924470989
15340.162615242978,-0.75972091528856422,-3.3236033395346358,-13.540232115017005
15411.040630054023,-0.76475580398305043,-3.3320402594746916,-13.64847356370398
15482.246131157723,-0.77439054790500861,-3.3454510331035738,-13.748705567032705
15553.780631678739,-0.76413951151965309,-3.3273797669423133,-13.793954191060422
15625.645651732981,-0.76299015871303966,-3.352797370330892,-13.960501352940735
15697.842718459986,-0.76015239644530708,-3.3632211714765132,-14.063040887097088
15770.373366055266,-0.76383182206712674,-3.3860233406558549,-14.103316083328423
15843.239135802994,-0.76087177511345905,-3.3780375910772991,-14.256647527266107
15916.441576108722,-0.7618792320389256,-3.387584511291819,-14.387740457110702
15989.982242532271,-0.76303114025823704,-3.3985128643003431,-14.488131431750332
16063.862697820823,-0.76215380512677289,-3.4011575003893624,-14.59454018212142
16138.084511942101,-0.76106823188549344,-3.404156509809031,-14.702785925392831
16212.649262117746,-0.76241173851454291,-3.4208463750767359,-14.826507520609852
16287.558532856829,-0.76384043488177722,-3.4324740689214894,-14.942426119483544
16362.813915989502,-0.76306044815800989,-3.4385022980784523,-15.061435154047786
16438.417010700861,-0.76210813199064797,-3.446085439996426,-15.140557195184869
16514.369423564913,-0.76396111683226975,-3.4637732619654793,-15.337857885331971
16590.672768578701,-0.7649576248619423,-3.4668012908849239,-15.403759215215896
16667.328667196634,-0.76971446391942244,-3.4781782656849303,-15.533266992907116
16744.338748364891,-0.77618385571959592,-3.4891623843175195,-15.648526691017381
16821.7046485561,-0.77771297969597708,-3.5134332298816244,-15.806337826887813
16899.428011804066,-0.77008249569488252,-3.512409515898232,-15.908690918170336
16977.510489738728,-0.76719685072170363,-3.520660460055077,-16.066273381154673
17055.953741621259,-0.76756496712708588,-3.5564685319945499,-16.204327890014724
17134.759434379295,-0.76835616945430529,-3.5553064772647929,-16.306878237901422
17213.929242642404,-0.76688432316914845,-3.554754523739152,-16.436083245196329
17293.464848777629,-0.76963266956654852,-3.5797943391097946,-16.589643023989339
17373.367942925273,-0.76824544640148273,-3.5775926784453964,-16.684141262603156
17453.640223034807,-0.76983469022102302,-3.6025589826756912,-16.856198208026029
17534.283394900904,-0.76920928274584366,-3.6047722692492608,-16.957180563877522
17615.299172199764,-0.77122028750899796,-3.6300686169161289,-17.132921842624967
17696.689276525489,-0.77372426133093153,-3.6273569034534638,-17.266136398899416
17778.455437426659,-0.76879133466267557,-3.6327981679697392,-17.474529140272082
17860.59939244311,-0.77087459266119762,-3.6561961111436347,-17.559159733903797
17943.122887142821,-0.77234767523033032,-3.693504695120895,-17.736516377794317
18026.027675159061,-0.76989237693759216,-3.6801587278601291,-17.848626912429836
18109.315518227602,-0.77229402645205159,-3.6948506711782656,-18.046309722274884
18192.988186224185,-0.77632881574857815,-3.71357043635241,-18.199481664685138
18277.047457202134,-0.78460710331504246,-3.732983213229526,-18.339180807841622
18361.495117430099,-0.78196861854782762,-3.7466508249547008,-18.552310351316905
18446.332961430071,-0.77799838471922789,-3.7800383105419684,-18.626331764697092
18531.562792015484,-0.77136052360919471,-3.7740297984023319,-18.901110969570077
18617.186420329501,-0.77034367671557369,-3.7832520211020859,-19.023589001382803
18703.205665883594,-0.7735108230007165,-3.8109134348429965,-19.093941137709919
18789.622356596068,-0.7733058135495946,-3.8247241053620322,-19.264415722129002
18876.438328831035,-0.77489950249817852,-3.8487064977938528,-19.530881324259383
18963.655427437367,-0.77316699062020211,-3.8624992729783081,-19.786028924873996
19051.275505787886,-0.77237203161742307,-3.8706965490502654,-19.877711344257563
19139.300425818848,-0.77629763866902901,-3.9111763572178582,-20.145733419223973
19227.732058069363,-0.78030075581249458,-3.9391470013539003,-20.239532973895223
19316.572281721259,-0.7799580207797997,-3.9403127200314114,-20.529698654044083
19405.82298463898,-0.78891693979641853,-3.9583655544679379,-20.726580829509661
19495.486063409666,-0.78341631885345842,-3.9818460098870956,-20.840945095714972
19585.563423383544,-0.77798948770798471,-4.0098937117987701,-20.999851863797943
19676.056978714296,-0.77995167860761339,-4.0413807970140523,-21.306342108149465
19766.96865239985,-0.77678245966056525,-4.0476608301964898,-21.545351084361968
19858.300376323183,-0.77770151969297086,-4.0694989212989929,-21.68119569595865
19950.054091293354,-0.78014753185939711,-4.09025906981456,-21.884317938487357
20042.231747086847,-0.78246140487766225,-4.1073940900235053,-22.237362241965535
20134.835302488853,-0.79052887240324121,-4.1209267017405251,-22.283028198057366
20227.866725335029,-0.79040848329559033,-4.1866191455143484,-22.598138858073895
20321.327992553255,-0.78229677482067561,-4.2132460174670445,-22.785607914806334
20415.221090205618,-0.77785986020449438,-4.2090864797238945,-23.14161763869356
20509.548013530715,-0.78172335358265888,-4.2727586706230465,-23.328643528132943
20604.310766985913,-0.77975517751251899,-4.2722775995194997,-23.576286087833978
20699.511364290054,-0.7786256784458595,-4.2867766446922317,-23.86781698424614
20795.151828466223,-0.77914812226453822,-4.3184233558711291,-24.092375388681944
20891.234191884669,-0.78227143227011453,-4.3775642315376322,-24.24931386103728
20987.760496306124,-0.78052552145432064,-4.3896727876470152,-24.517533453486209
21084.732792925046,-0.77947267784494856,-4.4129487787988166,-24.846743145054148
21182.153142413317,-0.78367778451192893,-4.4509165786427554,-25.255578958818674
21280.02361496399,-0.78672375367492331,-4.491470605188475,-25.420229471207762
21378.346290335237,-0.79420801292290466,-4.5158090749652127,-25.724690651102037
21477.123257894666,-0.78923142099839316,-4.5706860570083281,-26.017519705578735
21576.356616663568,-0.78327762565425785,-4.5880795473636296,-26.219805286889425
21676.048475361644,-0.7803415255274162,-4.6315009482070391,-26.748441842465979
21776.20095245176,-0.77662462471554172,-4.634912536198887,-26.941684405619529
21876.816176184937,-0.78107972489148936,-4.6960032789141133,-27.220278100262775
21977.896284645693,-0.78606057798370532,-4.771566371108527,-27.507525597059782
22079.443425797304,-0.78517988001641392,-4.8080999582192874,-28.001062334927951
22181.459757527598,-0.7817075305163611,-4.8224756808868197,-28.299667840985165
22283.947447694754,-0.79670629140425575,-4.9168504703896678,-28.628644372330779
22386.908674173323,-0.80214390869665086,-4.9456588994872233,-29.05968749112759
22490.34562490063,-0.78602388371096477,-4.9631251261044671,-29.459821394214657
22594.260497923115,-0.78253713045918771,-5.0196483589042042,-29.867964048978848
22698.655501443165,-0.78143900814722878,-5.0722929439333022,-30.146560291661714
22803.532853865992,-0.78633119883694313,-5.1498583455667699,-30.564236674467537
22908.894783846725,-0.78079693551830143,-5.1845129906124114,-31.066531998866374
23014.743530337906,-0.78748921762069179,-5.2745043002692142,-31.561291242543163
23121.081342636899,-0.78684288888232368,-5.3232311377314456,-31.905067140813973
23227.910480433809,-0.78275728381350662,-5.3883221326006758,-32.434848129412352
23335.233213859468,-0.78769996855675184,-5.4639365752292548,-32.975316519365428
23443.051823533624,-0.78281413084739948,-5.5128702742380407,-33.397668154542878
23551.368600613525,-0.79102618887444576,-5.6137933109754243,-34.110768169258897
23660.185846842458,-0.79409039623638999,-5.6728479147943247,-34.129917846400737
23769.505874598759,-0.80341420400333652,-5.788293079419315,-34.987975270932679
23879.331006944958,-0.79365837797494732,-5.8635214981128865,-35.42089040939657
23989.663577677038,-0.79177469494854702,-5.955295321811751,-36.137436569701308
24100.505931374206,-0.78432664383605988,-6.0001230435654263,-36.517400978251914
24211.86042344851,-0.78406213023115257,-6.1017578682799689,-37.119340912993778
24323.729420195057,-0.78785776616851266,-6.2081957717491418,-37.620682023845418
24436.115298842236,-0.7907560739393692,-6.3238727373250576,-38.357962593954738
24549.020447602168,-0.79316955600597305,-6.4389841340783267,-39.253277941047671
24662.447265721621,-0.79203615408397687,-6.5515294871240402,-39.917842468388358
24776.398163532802,-0.78476119942942169,-6.6383248414792542,-40.472938011565859
24890.875562504723,-0.78951233128695275,-6.7876632795758942,-41.383006491696065
25005.881895294584,-0.79726815591274158,-6.9562001242005644,-42.104041239001248
25121.41960579947,-0.80230568659374013,-7.0640156788874915,-42.662529066714889
25237.491149208356,-0.79680725407228692,-7.1933435627180948,-43.678027484394619
25354.098992054154,-0.79445008369778647,-7.371175710961162,-44.416692290615174
25471.245612266241,-0.79318577263825563,-7.5583172288523492,-45.47467405041764
25588.933499223076,-0.7938480569230586,-7.7469222833752793,-46.268240172161825
25707.165153805039,-0.78796365774328814,-7.9302478987866643,-47.167036459934394
25825.943088447733,-0.79230419936802976,-8.1224675104591793,-48.227932756232448
25945.269827195167,-0.79172468132202289,-8.3470591016136204,-49.146791905221562
26065.147905753551,-0.79046721116988072,-8.5903933754617885,-50.295891337783758
26185.579871545142,-0.79400961306839246,-8.848353696706754,-51.553656185235468
26306.568283762281,-0.79557420242986598,-9.1239754096940402,-52.639608428758109
26428.115713421972,-0.79735762258105747,-9.4188384913676231,-53.713084597571424
26550.224743420302,-0.80101417193709679,-9.7152476411348339,-55.042802266337638
26672.897968587473,-0.80523004354842809,-10.010918902775487,-56.121753384932759
26796.137995742905,-0.80376716275570814,-10.394378178493842,-57.60641499456743
26919.94744375056,-0.79721406751471313,-10.779420973796947,-58.951551197105985
27044.328943574754,-0.79456972065621034,-11.20025227732733,-60.277785866259848
27169.285138335865,-0.79519663547240005,-11.664096280192592,-61.843035885229632
27294.818683366677,-0.79443018052186964,-12.152767801789537,-63.171723997292077
27420.932246268698,-0.79632092683445244,-12.724923974443318,-64.649693459030431
27547.628506968846,-0.7961423809059186,-13.319982538727791,-66.178264904338675
27674.910157776521,-0.79564811356112586,-13.97600171372021,-67.696648343896015
27802.779903440634,-0.79700941664130154,-14.70494705185407,-69.415074633470027
27931.240461207224,-0.79867039923554772,-15.516462324604536,-70.695139784130063
28060.294560877159,-0.80046775299588491,-16.41895564861845,-72.469343799270661
28189.944944864088,-0.79802643804814266,-17.398356072614884,-73.593268121717415
28320.194368252807,-0.79932338612524823,-18.569738649710771,-74.888284457263609
28451.045598857771,-0.79918399693383602,-19.793601869203286,-75.420200998311657
28582.50141728187,-0.80399514661973936,-21.205441727059601,-76.406921235922212
28714.564616975596,-0.81033198399628059,-22.710971850119336,-75.739111374082995
28847.238004296301,-0.809986256885875,-24.466902761309619,-76.395978796112971
28980.524398567937,-0.8029302045301232,-26.635501636051853,-73.585523329196064
29114.426632140905,-0.79825092243693829,-28.965936048537454,-70.018099265979941
29248.94755045226,-0.79866715118101783,-31.830963322420626,-60.591657835322707
29384.090012086184,-0.79879075728386761,-34.725081998443798,-51.690269357470029
29519.856888834696,-0.79885443338813711,-37.581394412486517,-31.663562649062555
29656.251065758719,-0.79943095822307209,-39.581000326709187,-7.9327426860955725
29793.275441249385,-0.79627031310139362,-41.32057898272037,15.886713945844917
29930.932927089601,-0.79632128647076073,-42.584394149888453,43.890918612265963
30069.226448515965,-0.79726712009306899,-42.046688042331233,70.797825999145275
30208.158944280829,-0.80131745664281151,-41.409264615760478,106.66827216698094
30347.733366714892,-0.80293644519921392,-39.867436944681202,134.56900094497084
30487.952681789837,-0.81277846278661858,-37.372236706999132,162.09215828590726
30628.819869181392,-0.8057516406434464,-34.298043357033613,-170.00149991961632
30770.337922332659,-0.80070652742205994,-29.177557559252168,-150.23222248328142
30912.509848517639,-0.79811804617487037,-24.396497775810065,-140.63981888662084
31055.33866890529,-0.7976918976680325,-19.718347956524568,-137.44992034245277
31198.827418623594,-0.79734983287858752,-15.691644694448856,-139.10231384173341
31342.979146824124,-0.79899592359268745,-11.858097457347224,-144.14322932472601
31487.796916746833,-0.80113534288411181,-8.4912794265328131,-151.7524910377015
31633.283805785068,-0.80630252623618381,-5.3751765767863366,-161.47561089818456
31779.442905551099,-0.8110830057585493,-2.6536821256081868,-172.34234982255686
31926.277321941725,-0.8174412185144958,-0.28543076692369779,174.96332389902625
32073.790175204282,-0.83007099993184896,1.5987505544279395,161.36477443672885
32221.984600003001,-0.84234765306246295,2.9360851121195481,148.17886667429428
32370.863745485527,-0.84443648215427092,3.8156330578867594,135.63766841645838
32520.430775349927,-0.8363818076045999,4.3865413150844033,124.41680632753963
32670.6888679119,-0.83372024788563004,4.6989961618877762,114.3311124265559
32821.641216172276,-0.83045715825851674,4.8135985527847014,105.61777031621125
32973.291027884916,-0.82753747170735248,4.8123435447153344,97.857750665553482
33125.641525624822,-0.82639227181247821,4.7119395776073096,91.047129755434753
33278.695946856686,-0.82377415468898307,4.6133284329345789,84.928622173339647
33432.457544003628,-0.82291980471750881,4.4627150035050498,79.563826475236226
33586.929584516343,-0.82915975267012931,4.2795085153011954,74.884189469349963
33742.115350942557,-0.81876798110762139,4.0735119269308777,70.537150030007936
33898.018140996668,-0.81208745988307807,3.9113344839886284,66.824980824263406
34054.641267629973,-0.80538880418535308,3.7410656116846304,63.215596553210347
34211.988059100971,-0.80388267091943266,3.567843974960097,60.132366435581375
34370.061859046145,-0.80348541658980865,3.4010252351696706,57.242208163465669
34528.866026550968,-0.80295886298462826,3.2094626842029594,54.504310000284185
34688.403936221279,-0.79937181875092089,3.0869303287452809,52.058367596487791
34848.678978255055,-0.79592584163927182,2.9437073557848907,49.824525017550982
35009.694558514406,-0.79734497772685398,2.8107758545662973,47.80713454651243
35171.454098597977,-0.79471806561828884,2.6791771696167972,45.845222593267621
35333.961035913577,-0.79740601854650794,2.5535603362084816,44.000551959051997
35497.218823751355,-0.8039057746018079,2.4365770844156804,42.339680169169725
35661.230931357102,-0.80520850905257668,2.3261988623147452,40.736671004248024
35826.000844005954,-0.79615391478435016,2.2263782600091595,39.225287409299568
35991.532063076549,-0.79307817884174492,2.1202382661633301,37.835333583493252
36157.828106125278,-0.79307889805092291,2.030718822957251,36.454969232410505
36324.892506961201,-0.78954024497505393,1.9369820515484335,35.181930876546453
36492.728815721042,-0.79106462486161278,1.8486764130695059,33.985025140928116
36661.34059894464,-0.78911321414710778,1.776557652802486,32.834220922853262
36830.731439650794,-0.78857985200648617,1.6930549911625499,31.767535131674663
37000.904937413281,-0.78854568596699504,1.6173585464164753,30.751143982994577
37171.86470843749,-0.78786186749136333,1.547027752966867,29.750935203368059
37343.614385637185,-0.78858942885581984,1.4769153013446763,28.821835539288926
37516.157618711724,-0.79518103632838777,1.4159388141365472,27.941732027220773
37689.498074223622,-0.79996383259262682,1.3495027861107562,26.974413711297039
37863.639435676421,-0.79054039671282039,1.290866845244558,26.229128543794076
38038.585403593039,-0.78826767855966895,1.2293007979699426,25.340616173014226
38214.339695594354,-0.7848478396554216,1.1783812900491171,24.638059341046642
38390.906046478231,-0.78480033587179465,1.1232876910456977,23.825221553489456
38568.288208298873,-0.78593516849673295,1.0763849442995956,23.149465555280045
38746.489950446514,-0.78555074275457271,1.027185665880497,22.510747042256213
38925.51505972763,-0.78539612732174147,0.97749328357143661,21.834112865921419
39105.367340445271,-0.78559191770344738,0.93317671413708769,21.227956846389759
39286.050614480009,-0.78503755663487773,0.88830110941091844,20.588425815191613
39467.568721371135,-0.78417572609978436,0.84798754102421003,19.912420195924
39649.925518398151,-0.78329808552943403,0.80393760522654401,19.385583859909559
39833.124880662894,-0.78546675453501513,0.77087060268429908,18.879821954222372
40017.170701171759,-0.78580403949587385,0.72975731254450804,18.302557162627068
40202.066890918504,-0.7974684169894406,0.68357924092117961,17.704667189512115
40387.817378967316,-0.79570185742328281,0.65674937119868149,17.218682239422563
40574.426112536261,-0.7881199646079029,0.62312443565031894,16.734701763478114
40761.897057081296,-0.78433822686230714,0.5859095028911403,16.290612231609288
40950.234196380414,-0.78259692376419321,0.56136692870254323,15.815072311959611
41139.441532618344,-0.78529238604883089,0.52317912092330454,15.379448060169494
41329.523086471629,-0.78049180084492853,0.49590445508599235,14.890829648292575
41520.48289719395,-0.78346864808533989,0.46681708452664422,14.494297844795682
41712.325022702113,-0.77941307984372765,0.43847769497426664,14.020135883772479
41905.053539662193,-0.78284535562640456,0.41220647736856608,13.640204256504489
42098.672543576176,-0.77816964158053614,0.38302920886864333,13.23711562979905
42293.186148869012,-0.78414993830633861,0.35017699191584428,12.861077873784808
42488.598488975964,-0.78522493298409768,0.33031000143094486,12.444657289977712
42684.913716430579,-0.79811199179719405,0.29491318506932968,12.028827421458246
42882.13600295283,-0.789014628267938,0.27414456703656176,11.684389836086183
43080.269539537796,-0.78731361973205083,0.24529450164423811,11.31650636696827
43279.318536544743,-0.77912714219044876,0.22586413010738979,10.996569495533407
43479.287223786494,-0.7814110373613371,0.20948695143932844,10.622038185303651
43680.179850619483,-0.78084699804245428,0.19232811044104969,10.28173550086634
43882.000686033898,-0.78004775831759643,0.17105521256670919,9.9629046073310974
44084.75401874449,-0.78054672426322846,0.14185158945975729,9.6927469048738129
44288.444157281709,-0.78188756610013677,0.12811774439226853,9.317128460623529
44493.075430083132,-0.782147843488886,0.10645496139644914,8.9684828122818345
44698.652185585634,-0.78356252421845984,0.079099594400158069,8.6606107395043672
44905.178792317667,-0.78663593822291922,0.061275295800369445,8.3823395134895406
45112.659638992125,-0.79258492916286949,0.046570987781162712,8.0717284578303179
45321.099134599652,-0.78995505509058661,0.027703100609587101,7.7889441572987153
45530.501708502161,-0.78246583803795278,0.011609955265414262,7.4939779508183051
45740.871810527213,-0.7788988607774604,-0.010031675146582091,7.1987278720425358
45952.213911062398,-0.77822006569508562,-0.022246925717912223,6.9267157620416526
46164.532501150374,-0.78098837528256759,-0.034355517455231403,6.7037454097315248
46377.832092584329,-0.77772395619267132,-0.049744629678420985,6.4192633043360106
46592.117218003797,-0.77798451344445074,-0.068417190217207685,6.1497313092701091
46807.392430991065,-0.77794644562185644,-0.080639573537693382,5.8929103540699543
47023.662306167847,-0.77991421975722897,-0.098358538236378135,5.659438837730022
47240.931439292603,-0.7808861323205597,-0.11030419473560529,5.4121221336066583
47459.204447358024,-0.78576218524738972,-0.12363040989771583,5.1670480499056737
47678.48596868934,-0.78876387476724752,-0.13983532224922246,4.9395472232216093
47898.780663042773,-0.78059932772476404,-0.15424361153252802,4.6646371137775304
48120.093211704603,-0.77796829421321956,-0.16460787278805522,4.4219742563349342
48342.428317590595,-0.77578508343023878,-0.16899978527464776,4.224839257006181
48565.790705345957,-0.7761131999765285,-0.18716496809702199,3.9739376965149873
48790.185121445771,-0.77824815582344331,-0.21853605260488909,3.7528236703146263
49015.616334295839,-0.77758534487695785,-0.22058460528976731,3.5304732254429325
49242.08913433399,-0.77648278892173872,-0.22754646639533432,3.2776434466261719
49469.608334131954,-0.77441476673752629,-0.22768264717900633,3.1538973590473631
49698.178768497433,-0.77577116093362997,-0.23779450292774076,3.0339437947742525
49927.805294577105,-0.78049243006389246,-0.2648992884823626,2.6884853524545633
50158.492791959681,-0.78790713237827426,-0.28655363142526863,2.508881194019807
50390.2461627796,-0.78949260186792281,-0.28522108833234439,2.2898867832713847
50623.070331821276,-0.78142739142445872,-0.2918779842067537,2.0621732856421602
50856.970246623612,-0.77651124924997306,-0.30310406920974192,1.8662467987740428
51091.950877585332,-0.77511745411281474,-0.31430955529602284,1.6453302289208693
51328.017218070432,-0.77507332843261334,-0.3190336168290463,1.4014146733895529
51565.174284514367,-0.77478895562398553,-0.33178989359947625,1.2695985436217541
51803.427116530678,-0.77559547841176191,-0.34337012630905378,1.0311818755473325
52042.78077701795,-0.77830875260201382,-0.35448968585349094,0.95863270198066886
52283.240352267574,-0.77447044669259624,-0.35522715485359152,0.73841976103710039
52524.810952071726,-0.77044019594363689,-0.36372542919133283,0.46809305058597062
52767.49770983198,-0.77502212240667456,-0.37813777922783354,0.31626179859503623
53011.305782668402,-0.7758379109930349,-0.38507447619288271,0.13669565764274305
53256.24035152905,-0.78143206660622777,-0.3871114861810187,0.030552373312090708
53502.306621300238,-0.78522405992937538,-0.39619079023708231,-0.29115594321417859
53749.50982091701,-0.77625033051560888,-0.40482108132158517,-0.42950592389556164
53997.85520347429,-0.77370507017870083,-0.42376535353189682,-0.55422015212033671
54247.348046338549,-0.77268015468308404,-0.42230825081756967,-0.78063740739273157
54497.993651259829,-0.77208909017156269,-0.433392414589921,-0.86293675452654384
54749.79734448457,-0.7717758278790221,-0.43258469266394922,-1.1029994205700859
55002.764476868695,-0.77069784160277321,-0.44258816245170024,-1.2778668867987619
55256.900423991327,-0.77277871716731528,-0.45315324566892645,-1.4645506807559059
55512.210586269066,-0.77281866331945392,-0.4725749869557872,-1.614316559338274
55768.700389070618,-0.77166566324078745,-0.45470219986142252,-1.711452849135128
56026.375282832283,-0.77379174810336171,-0.47294788440020158,-1.9697661653178002
56285.240743173614,-0.78302705106191128,-0.48125854568626614,-2.1266324347915884
56545.302271013861,-0.78167649574560882,-0.47515784867082045,-2.2232995450930844
56806.565392688855,-0.77520073004711709,-0.49943055601459396,-2.268353875912176
57069.035660068344,-0.76955813827757569,-0.49062263850069288,-2.6683468182848458
57332.718650674142,-0.77206659413866463,-0.5094652850731467,-2.8624426406423673
57597.619967798513,-0.76867831874560977,-0.49788872270008505,-2.8772362197407944
57863.745240623328,-0.76797847634306415,-0.52272750330964768,-3.1590880109542923
58131.100124339668,-0.76985165502241093,-0.51841108270028491,-3.2799788425892729
58399.690300267874,-0.77458860539360508,-0.54029488826445871,-3.450910905128751
58669.521475978472,-0.76550026860422438,-0.51177890868038334,-3.6610435486874167
58940.599385413363,-0.76877363018948264,-0.53212101309489956,-3.6111242966207726
59212.929789007663,-0.77459223728141269,-0.53705233327123836,-3.8072650048870358
59486.518473812139,-0.78354180839608256,-0.54840325148678359,-4.1348729018870642
59761.371253616111,-0.77560249963636441,-0.55131256156993591,-4.013824718438002
60037.493969071111,-0.7700552931576492,-0.54932368008429355,-4.4454144129911697
60314.892487814941,-0.7647768078852597,-0.54048007051427216,-4.3661910689143753
60593.572704596358,-0.77198533647279466,-0.57651988273593568,-4.6827382712420729
60873.54054140034,-0.76153445478743431,-0.54056841456296134,-4.8830970538575684
61154.801947573891,-0.77130663473989769,-0.57583194889833511,-4.7874798486550389
61437.362899952561,-0.7645129943538358,-0.56848774562275173,-4.973869543423767
61721.229402987374,-0.76715072535023532,-0.57514462541105549,-5.1686017780055806
62006.407488872494,-0.7680308408472365,-0.57877803367651293,-5.284800921790378
62292.903217673243,-0.76198919431704493,-0.53823595865618834,-5.5884642468399619
62580.722677455116,-0.78336678595895703,-0.59943125948541864,-5.6720472435544025
62869.871984412988,-0.77277596366349877,-0.59726986281336725,-5.8512036571412196
63160.357283001147,-0.76554573992050623,-0.58077300477705229,-5.9290401404789819
63452.184746063875,-0.76821644445646597,-0.61211824209004828,-6.1271773827163827
63745.360574966486,-0.76296215061549821,-0.59519070014249364,-6.4764779992654269
64039.890999727337,-0.76230585047277533,-0.58885419660548866,-6.4263600120517879
64335.782279150022,-0.76642895243749842,-0.60700731969004063,-6.6083421925465302
64633.040700956502,-0.75837080920547251,-0.57678962990602844,-6.5002486355294025
64931.67258192064,-0.76405742639068397,-0.61622302395486284,-7.0063089693492202
65231.684268002398,-0.76662509278518987,-0.61457464306735832,-6.8957960686460638
65533.082134482822,-0.76598927283853113,-0.64040826725825173,-7.2924724611607132
65835.872586099416,-0.76221791769243175,-0.60158363990591179,-7.3334064834883463
66140.062057182266,-0.75869908733065372,-0.59904091160874229,-7.1274838051278593
66445.657011790812,-0.76170956966431047,-0.62370753823357128,-7.758753079841032
66752.663943851076,-0.76843242236471976,-0.61873030792550565,-7.8367696998056005
67061.089377293858,-0.76646928658902724,-0.57064685798653103,-7.6816115884979439
67370.939866193221,-0.77111042662602991,-0.62216426954915005,-8.0085569824614566
67682.221994905805,-0.76190241296554329,-0.62789366063170993,-7.9372564404219759
67994.942378210821,-0.76160573206864379,-0.62194668614909498,-8.2668979884403626
68309.107661450398,-0.76078227091912209,-0.63572504026520305,-8.3919396104673467
68624.724520671094,-0.75674283140071419,-0.61677896785014452,-8.5092097031452738
68941.799662765538,-0.75622562064109533,-0.62006412546251077,-8.7658436772954573
69260.339825615054,-0.76462396032543745,-0.64052326686888605,-8.8054188093092982
69580.351778232856,-0.76167243549156327,-0.63954151363919221,-9.1207440949806369
69901.842320907745,-0.7520491242223748,-0.59980799311351418,-8.6328610919085236
70224.818285348796,-0.76168917504194256,-0.64424359936421038,-9.2585416221410242
70549.286534830448,-0.76202477619165998,-0.64760175980987877,-9.4071285993621814
70875.253964338393,-0.76953590240822534,-0.65872642279224491,-9.566140131691963
71202.727500716021,-0.7761870626342926,-0.65047806126139496,-9.6842234337819377
71531.714102811617,-0.7661454091840143,-0.64584515808893594,-9.7310942227473731
71862.220761626348,-0.7605944265475445,-0.64767615648810406,-10.039907077017418
72194.254500462717,-0.76264666401585801,-0.67796158510696525,-9.9413158815192588
72527.822375073898,-0.75348890249207323,-0.64131161192114872,-10.557800882073487
72862.931473813558,-0.75356908751572194,-0.63582067133063447,-10.212243414298086
73199.588917786503,-0.76256029942661741,-0.66388833715430207,-10.487931461944275
73537.80186100016,-0.75934977958071936,-0.65471491734385723,-10.573469337884383
73877.5774905164,-0.75610182391800373,-0.63001315525416834,-10.452894835944043
74218.923026604389,-0.75999745213772152,-0.68259479781175658,-10.92033045829352
74561.845722893995,-0.75807301772057012,-0.65077002921755012,-10.966575702514547
74906.352866529807,-0.76259961319941194,-0.65717957183884634,-11.122536042147367
75252.451778326198,-0.77550996795211036,-0.66797787611871584,-11.421039162803922
75600.149812922769,-0.75986274379436658,-0.64491218120879978,-11.448189004713939
75949.454358940624,-0.75572738183360733,-0.65181893649332379,-11.61703888854743
76300.372839139483,-0.75471797207636371,-0.64022710605745436,-11.690536473829951
76652.912710575212,-0.75274311568379471,-0.64493547298463794,-11.923776216954941
77007.081464758521,-0.7499514918448642,-0.63521463512148468,-12.016587489355587
77362.886627814019,-0.75132737180285847,-0.64537627661501551,-12.215929221747842
77720.335760640228,-0.7509758652910572,-0.63904445907688123,-12.33486903270615
78079.436459070173,-0.74639155045496675,-0.62377424184389441,-12.213553393587986
78440.196354032771,-0.75096931803356926,-0.6344841489073515,-12.530313919796995
78802.623111715104,-0.75457907451473449,-0.6463615717469301,-12.655832062804564
79166.724433725307,-0.76308253187834163,-0.6457707109208638,-12.699311964377202
79532.508057256127,-0.76307685436629225,-0.65674313193250067,-12.90831737003316
79899.981755249464,-0.75634338397908296,-0.64637028523304219,-13.051025023714061
80269.153336561358,-0.75183490144852949,-0.63570195997395651,-13.214702692463192
80640.030646128187,-0.75402866892387244,-0.65944713049781289,-13.343700631114132
81012.621565133188,-0.74791209626670141,-0.63809046258215829,-13.372403745062563
81386.934011173973,-0.75186676249969464,-0.64577072886418341,-13.535384299201269
81762.975938430871,-0.74209165924676213,-0.60653701287779305,-13.767538812773997
82140.755337835726,-0.75285336386445123,-0.65016679285315648,-13.877105171345391
82520.280237241983,-0.7467070469722864,-0.61616174032216542,-14.059984100297314
82901.558701595088,-0.7489162112138168,-0.62313371546648888,-14.193561130030773
83284.598833104028,-0.76181399537731442,-0.6418069455311155,-14.331586820659311
83669.408771413218,-0.7527232040306987,-0.61947593529308598,-14.463741222120518
84055.996693775858,-0.75263797173265712,-0.65178864010952764,-14.740913177706361
84444.37081522739,-0.75172780247361348,-0.64819506424405382,-14.651049888969908
84834.539388760226,-0.74169583320855881,-0.597596250064931,-14.770738628614481
85226.510705499124,-0.75154343077436891,-0.64817078894039415,-14.9561256696241
85620.293094877168,-0.75054614661839947,-0.6439179207313882,-15.397799164949063
86015.894924813096,-0.74957025108383535,-0.63868816035153775,-15.224495799344758
86413.324601888904,-0.74415383002618385,-0.61593325138683441,-15.514345088755389
86812.590571528504,-0.7497288213211728,-0.62968894883133186,-15.647535823456479
87213.701318177351,-0.75778146292614268,-0.6461266195734251,-15.893705590314774
87616.665365482389,-0.7619714814598364,-0.63008313059721044,-15.74471334833467
88021.491276473607,-0.75089024553667683,-0.62806548604534518,-15.888762682946052
88428.187653745714,-0.74666226075442477,-0.62358846727605455,-16.116584896778818
88836.763139641029,-0.75008380860146784,-0.65062964053731243,-16.393474541848768
89247.226416433215,-0.74584879994876174,-0.61843166219742018,-16.348197849853818
89659.586206511522,-0.74388514199488731,-0.60267631823333534,-16.552128714928891
90073.851272566477,-0.74078987061034163,-0.59977582865377732,-16.637446283067824
90490.030417775881,-0.74376430842934194,-0.59287194383697273,-16.757363720131483
90908.132485991897,-0.74853958612741045,-0.61991219951417564,-16.988250007773559
91328.166361929092,-0.75734639951304028,-0.62069692569123858,-17.05290165775223
91750.140971353001,-0.74952545120061398,-0.59714546233434518,-17.429032105569803
92174.065281270101,-0.74364734224481355,-0.60071324396161374,-17.440407631195313
92599.94830011818,-0.74465061419018086,-0.61418463422812219,-17.512500343928942
93027.799077957796,-0.73826519661407064,-0.58898593946429667,-17.690866622377158
93457.62670666464,-0.74031895122400648,-0.59285902470635776,-17.915772763662872
93889.440320122565,-0.74206184440029532,-0.59356456090188625,-17.727680659766008
94323.249094417944,-0.74520483020732675,-0.59767179877907572,-18.008756720660216
94759.062248034519,-0.74277973473808712,-0.59383965464446486,-18.410459977111714
95196.889042049297,-0.74939209442304644,-0.58952080162561782,-18.251369439842783
95636.738780329382,-0.75646065852298516,-0.58178732780340103,-18.63049325067081
96078.62080972956,-0.75080642116439378,-0.60024172319180469,-18.580634831212393
96522.544520291151,-0.74299595037693766,-0.57826039284393316,-18.710617905041858
96968.519345441367,-0.73854772210146091,-0.55676918217467608,-18.94001691307642
97416.554762193875,-0.74267509771620444,-0.58156513626753192,-19.35692821273426
97866.660291350097,-0.73933319319788882,-0.55185448106800128,-19.232328941684415
98318.845497701521,-0.74374976878528432,-0.57937616880746923,-19.354375233718685
98773.11999023307,-0.74330094280220727,-0.57291041010004284,-19.626201662735372
99229.493422327214,-0.74154534845963394,-0.57280345926637311,-19.820459895759768
99687.975491969148,-0.73622199759502194,-0.5244964457872574,-19.979282928750152
100148.57594195283,-0.74374199817877462,-0.55480749214783343,-20.346844559596846
100611.30456008791,-0.74579215825178957,-0.5044041273280403,-20.462679409303263
101076.17117940802,-0.75218839667416915,-0.55506593895134027,-20.290166752742394
101543.18567837944,-0.74186282845378082,-0.53440021554109451,-20.570837962655077
102012.35798111118,-0.73182860684097073,-0.51374166378601371,-20.413686335454358
102483.69805756585,-0.74359887403179115,-0.53694293245759095,-20.653141574062374
102957.21592377133,-0.73938723839987353,-0.51030334711556447,-20.752841516543409
103432.92164203392,-0.74311311290978432,-0.532683623898909,-20.954255847084724
103910.82532115198,-0.74936409401233672,-0.57489485329484868,-21.084006476829359
104390.93711663074,-0.73695726150176522,-0.51611946113356022,-21.744805465956588
104873.26723089826,-0.72348133722036168,-0.44193502262641787,-21.517754084644899
105357.8259135219,-0.72408544622024296,-0.44855125905636978,-22.082624542080154
105844.6234614265,-0.74295584710419582,-0.51827022257861,-21.667047362574408
106333.670219113,-0.73619767152330595,-0.46143575344776355,-22.110041210181564
106824.97657887834,-0.76096701683642065,-0.54751524743150726,-22.683972431956562
107318.55298103621,-0.74425784546354401,-0.48982560062244607,-22.711614751166749
107814.40991413883,-0.73861607283877273,-0.4757731515025011,-22.248240648513669
108312.55791520012,-0.72464122995747138,-0.42535999191647322,-22.549219690980919
108813.00756991938,-0.73787550085053955,-0.4841029870335275,-22.604925389813538
109315.76951290634,-0.7410285247109869,-0.48040404897086253,-22.957093486581961
109820.85442790708,-0.74786102310507696,-0.49726347124562531,-22.889025484244556
110328.27304803098,-0.74257426741461341,-0.47521993650237654,-23.068239703724998
110838.03615597908,-0.73295399962158891,-0.44188789747029694,-23.357118818922345
111350.15458427294,-0.73923347254570881,-0.47558942848160257,-23.752472601601227
111864.63921548508,-0.73930238475358934,-0.45677953676002364,-24.155452025393458
112381.50098246979,-0.74654170041960866,-0.45884730197733925,-23.66836240134743
112900.75086859603,-0.75490652530919222,-0.44682491421386167,-24.33457684796771
113422.39990798048,-0.74128190382359949,-0.42174365792781598,-24.051322211171481
113946.45918572202,-0.74777898860486913,-0.48064935499977812,-24.364395203836025
114472.93983813751,-0.74072642436178715,-0.4431678764309166,-24.360400655516479
115001.85305299803,-0.73934830496553572,-0.42079178585066812,-24.557874627499061
115533.21006976711,-0.73901784408062443,-0.42611587554709518,-24.837860403775281
116067.02217983927,-0.74153367363068978,-0.42767902845665728,-25.269894601148518
116603.30072677998,-0.74055131395256224,-0.42091127019873764,-24.869933544132728
117142.05710656686,-0.74315348840599971,-0.43190750317918569,-25.495027059134458
117683.30276783158,-0.7368827483615813,-0.39600173345846151,-25.497435533571306
118227.04921210349,-0.75426632861635179,-0.46174775938040158,-25.797230256857318
118773.30799405376,-0.75480012468961633,-0.40573777123841726,-25.468088189728263
119322.09072174104,-0.74929606325098719,-0.39251427949304907,-26.085843259170531
119873.40905685815,-0.7482207816613311,-0.42715565482738521,-26.246363911185544
120427.27471497965,-0.75155388742637674,-0.43604536456270948,-26.55010752451409
120983.69946581122,-0.73870758585833407,-0.37283424431963341,-26.297956626291814
121542.69513343943,-0.74401574156727657,-0.38390645376096555,-26.135850164877823
122104.27359658311,-0.7440094871546421,-0.36818895577825334,-26.641215529159581
122668.44678884587,-0.7428586075001814,-0.3601630127349712,-26.791329235957591
123235.2266989694,-0.73612709118593311,-0.33413440987588749,-26.8741869795182
123804.62537108861,-0.7442926163191359,-0.35543153945148459,-27.382658955392593
124376.65490498734,-0.74398502366130459,-0.34052726052916432,-27.280094676525223
124951.32745635549,-0.75198670511229726,-0.32685880246704901,-27.394260093316458
125528.65523704747,-0.74516626532643027,-0.30747560265284402,-27.60865247512676
126108.65051534142,-0.75005914530958118,-0.34725021859761651,-27.706059435601873
126691.32561620022,-0.75237432491514511,-0.37570602257685487,-28.154019352948012
127276.69292153331,-0.73237181899897275,-0.26632222656036564,-28.301009136981186
127864.76487045968,-0.73649604859286333,-0.27649526474644587,-28.333650254050923
128455.55395957241,-0.74495543337322578,-0.30504430773218011,-28.46028877707451
129049.07274320384,-0.73702609220464166,-0.27473451132907445,-28.772248484692611
129645.33383369293,-0.74574617740522386,-0.30427444145546084,-29.145939173919615
130244.34990165278,-0.74815783980417594,-0.29261597531581868,-29.225207423339523
130846.13367624012,-0.75909953129650587,-0.32120620598040944,-29.493962291157438
131450.69794542575,-0.75724915915823698,-0.27089156010133986,-29.536887267812681
132058.05555626625,-0.74273958626578052,-0.2248641627873689,-29.534388160262189
132668.21941517698,-0.73291399784737132,-0.19514619434767774,-29.436786455724786
133281.20248820647,-0.74383072353534518,-0.24945865369212084,-30.053888706142878
133897.01780131186,-0.74045400251345883,-0.21374715441429742,-30.104398909576723
134515.67844063567,-0.74570526249313207,-0.21950301487912463,-30.357486884931653
135137.19755278376,-0.75205846656416731,-0.25618746427263017,-30.356539043716822
135761.58834510509,-0.74383445706963203,-0.21971224849824503,-30.277553034284296
136388.86408597199,-0.75997895998989806,-0.26701403838171711,-30.778908363327886
137019.03810506233,-0.75219142975847431,-0.18453648273234594,-30.814889482758687
137652.12379364276,-0.75407993232778958,-0.18357518123604777,-31.254311933891195
138288.134604853,-0.74818099758894019,-0.19753986110659941,-31.465394094375952
138927.08405399218,-0.74340942098870455,-0.15262161523787324,-31.7179163042304
139568.98571880569,-0.74059913768374597,-0.12696581360457071,-31.590270397477553
140213.85323977383,-0.74287235299086884,-0.13354997842093869,-32.207452084577803
140861.70032040181,-0.74331507596759305,-0.13109531463272253,-32.286490217563824
141512.54072751052,-0.73508657085303308,-0.083547797154177622,-32.207870827254553
142166.38829152961,-0.7400925152120047,-0.096733149635686216,-32.44703328181663
142823.25690679104,-0.75086712204826345,-0.11340302234356456,-32.735480310599925
143483.16053182448,-0.76215629574858368,-0.11759506662083041,-32.901604515270371
144146.11318965396,-0.75554642107180903,-0.12389894669047574,-33.159362815106107
144812.12896809549,-0.73876212213203452,-0.045131739988915141,-33.144321102090146
145481.22202005706,-0.73870869188020527,-0.046071225375424081,-33.479743224987303
146153.40656383891,-0.74549021737501375,-0.06437604771039411,-33.615137435753695
146828.69688343594,-0.74227059928638417,-0.021954092401462576,-33.71113109512811
147507.10732884088,-0.74317987480439285,-0.02129909007698785,-33.939085004089925
148188.65231634962,-0.74607830507905259,-0.026625864612189954,-34.137750662724216
148873.34632886748,-0.75164846407088481,-0.033964045738150234,-34.465650774879649
149561.20391621682,-0.75852468689165053,0.016564824343537721,-34.560647683457645
150252.23969544639,-0.74677871390327333,0.017654639864771282,-34.792110894727678
150946.46835114164,-0.74615670696837155,0.024351959942819676,-35.072806673013801
151643.90463573721,-0.74741488727198657,0.017035975470355041,-35.168728132343794
152344.5633698302,-0.74691045743794904,0.036301679239761575,-35.322869774994587
153048.45944249499,-0.74163086848504534,0.076393473939734349,-35.590990862834133
153755.60781159997,-0.7418707668058615,0.089017445711868759,-35.76383312212603
154466.02350412487,-0.74890748722586142,0.063447846526151069,-36.058391252838391
155179.72161648056,-0.74864570914098982,0.12170584880122265,-36.199266726583531
155896.71731482979,-0.75648885811397049,0.1107118507487134,-36.363014195746658
156617.02583540927,-0.74874693650366975,0.11381214130162699,-36.553590669478808
157340.66248485356,-0.74785058291532724,0.12088885497514844,-37.00838625630837
158067.64264052024,-0.74417817634884986,0.161030455802912,-37.026222247756252
158797.98175081686,-0.74845408690827686,0.15517998451717135,-37.270458147796319
159531.69533552908,-0.74892968972986684,0.15788178775780273,-37.409178508929415
160268.79898615056,-0.7449916373406561,0.18628165377937006,-37.690231032091205
161009.30836621427,-0.74863260254387487,0.21374936311478193,-37.846221419404138
161753.23921162507,-0.76459523189982015,0.19584808604185991,-38.123839917491239
162500.60733099456,-0.75029048307150537,0.21583459579017678,-38.302934165930935
163251.42860597672,-0.7478081584257269,0.23192146002300607,-38.513693173501885
164005.71899160542,-0.74493681764384367,0.26608986705199156,-38.674484536816905
164763.49451663365,-0.74723117979218046,0.27287073188610578,-38.91319503557893
165524.77128387379,-0.74623787162819299,0.27245457087956565,-39.184794949907257
166289.56547054005,-0.74597015707328018,0.3119675313473449,-39.330962289182168
167057.89332859233,-0.74718823352754349,0.33665631115127659,-39.628054884871347
167829.77118508134,-0.76345991370618249,0.32046837976648002,-39.870330767623827
168605.21544249562,-0.75799288771297002,0.30480138519250577,-40.100494347520339
169384.24257911008,-0.75112496770570192,0.35298975438601754,-40.287926820574626
170166.86914933633,-0.74845455140326034,0.37865737528057491,-40.47226627986074
170953.11178407416,-0.74724552495664587,0.39174370225767469,-40.745414632871281
171742.98719106533,-0.7510135214582172,0.38919696215707239,-40.992601813851181
172536.51215524841,-0.7514051491033189,0.40330227063795854,-41.267771954032241
173333.70353911511,-0.75606970294917131,0.44185486915464972,-41.397727598052967
174134.57828306934,-0.76318843568561245,0.45874833591019731,-41.632838173877062
174939.15340578664,-0.75644999252121559,0.44627937355059161,-41.87399139383875
175747.44600457608,-0.75371552226011118,0.4838693459476654,-42.132696843104007
176559.47325574353,-0.75015480669650447,0.51983863746919678,-42.348591360727085
177375.25241495634,-0.75007154368887297,0.50707958715309287,-42.524878671251983
178194.80081761067,-0.75317017090941529,0.51816731316312215,-42.892315271262945
179018.13587919943,-0.75668048020817968,0.5398307235985782,-43.104427626314163
179845.27509568227,-0.76194017327938079,0.57704669861375946,-43.306474231176082
180676.23604385785,-0.75653944541551521,0.59710504056720759,-43.572385689323418
181511.03638173663,-0.75643949700817892,0.57958674162933166,-43.813770345296462
182349.69384891688,-0.75153462905198865,0.63930485997139475,-44.006428532884151
183192.2262669612,-0.75228438594787117,0.65166653738800884,-44.195717853592726
184038.65153977516,-0.75607771757499442,0.64301424558039377,-44.587955925826606
184888.98765398827,-0.7566429494549104,0.6852761106504901,-44.779677835902071
185743.25267933533,-0.75830489101011578,0.71251219085869089,-45.031018448043611
186601.46476904137,-0.75989028592680263,0.72509758483461517,-45.282175376751525
187463.64216020674,-0.75596417504912361,0.71746243423675726,-45.550807955459739
188329.803174195,-0.75698804205877701,0.75639682987665946,-45.900236374370408
189199.96621702216,-0.75487031205887867,0.78972092124809334,-46.027704758694483
190074.1497797475,-0.75636614315132888,0.7896254301156187,-46.194593433615374
190952.37243886714,-0.75778899611978157,0.80529635943652522,-46.645334906071454
191834.65285670821,-0.76610693380508743,0.84257923488145536,-46.790220853301278
192721.00978182571,-0.765669074143564,0.84902284694992103,-47.143631354821466
193611.46204940107,-0.76001726230956801,0.85913628633829986,-47.379641596325769
194506.02858164173,-0.75903306421328598,0.90344118502190285,-47.645115982598384
195404.7283881841,-0.75883691397749475,0.91910803787299633,-47.868301930946146
196307.580566497,-0.75896934058352228,0.95028264129549467,-48.159553315372293
197214.60430228765,-0.75908821613088029,0.95553435680348242,-48.536859445083898
198125.81886990916,-0.75569360790302809,0.99913529878479002,-48.67214875410987
199041.24363277043,-0.75552801662525582,1.0232105361236534,-48.907309989028654
199960.89804374738,-0.76349589640758686,1.0289729766023326,-49.18206047223449
200884.80164559657,-0.76739212937756418,1.0695581640539156,-49.501867601623914
201812.9740713702,-0.77298185291998001,1.0718934446945081,-49.753868277896864
202745.43504483331,-0.76547683595076843,1.0987763902892289,-50.085541551478173
203682.20438088328,-0.76270498268318754,1.1201737555416409,-50.281954820517228
204623.30198597055,-0.75773375735245918,1.1652838922314053,-50.596154048244948
205568.74785852185,-0.76178771729937866,1.1799957141057487,-50.979736570311658
206518.56208936498,-0.76600460366431578,1.1754336607859586,-51.236448382550208
207472.76486215575,-0.7649598669512554,1.222179753959403,-51.546790692885594
208431.37645380708,-0.76401098028539449,1.2564530228907123,-51.772168877080588
209394.41723491979,-0.7654069280813548,1.2549350133305843,-52.032803363004469
210361.90767021541,-0.76738639583534096,1.2931052368927844,-52.308207116251005
211333.86831897122,-0.76581098947151938,1.3311399439406533,-52.610368877963907
212310.31983545667,-0.77251594170942761,1.327489217486135,-52.955695662032703
213291.28296937302,-0.7790298157332175,1.3829248491304784,-53.230760754153849
214276.7785662938,-0.77755871626021666,1.4069630306169674,-53.501998472572552
215266.82756810775,-0.7718099566077129,1.4148511176536505,-53.875123620128242
216261.45101346419,-0.76958941221114552,1.455886697567375,-54.179643360014396
217260.67003821945,-0.76958614776614964,1.4804617968148039,-54.442735016191648
218264.50587588685,-0.76992187358965691,1.5014187775704093,-54.805886001546881
219272.97985808732,-0.76720090611028202,1.5506231711981031,-55.09100886978618
220286.11341500285,-0.76978259651750935,1.5694934560486031,-55.398382836599559
221303.92807583205,-0.7736474691053159,1.5828890819201629,-55.714534178966858
222326.44546924709,-0.7685312465680928,1.6344033974933354,-56.017226813391289
223353.68732385416,-0.77300248307436048,1.6673593803236706,-56.313257327174107
224385.67546865463,-0.7757688677669794,1.6901517241536479,-56.633186643001409
225422.43183350898,-0.79066888435086247,1.6932462669176034,-56.981859953368229
226463.97844960308,-0.78746352520173479,1.7381219143638447,-57.250048709703208
227510.33744991574,-0.77726057478422939,1.763403151946938,-57.61836580461803
228561.53106968987,-0.77651294601829501,1.7951316903526791,-57.986543078869047
229617.58164690444,-0.77808634195704163,1.8310892068592024,-58.314035659477469
230678.5116227493,-0.77631517631797964,1.8707829297035605,-58.676416699145044
231744.34354210211,-0.77592643333566969,1.9125059899206709,-58.919511389030788
232815.10005400711,-0.77837125763026982,1.9427686815802687,-59.270997301924233
233890.80391215699,-0.7785384298285315,1.9867408184715334,-59.608760331429295
234971.47797537589,-0.77867006065846534,2.0155684279354134,-60.018536834583863
236057.14520810544,-0.78513866056777237,2.0295076859857177,-60.387639025278702
237147.82868089274,-0.78432502544607297,2.0913660791821762,-60.613509184780625
238243.5515708802,-0.79249211366398997,2.126144189910502,-61.007953528370308
239344.33716229876,-0.78522254877959152,2.1498936727648736,-61.335228696410432
240450.20884696217,-0.7875215759525942,2.1703161909128723,-61.746660333256102
241561.19012476422,-0.78235434521920322,2.2308365411301598,-62.086767383533136
242677.30460417827,-0.77950006775261116,2.2843376583784796,-62.45504355649571
243798.57600275837,-0.78531634676884443,2.3083851991255293,-62.784070098120473
244925.02814764401,-0.78498895578894401,2.3172851444852944,-63.295033665904555
246056.68497606608,-0.78514919272241168,2.3812568734745869,-63.607578001657103
247193.57053585546,-0.78219037868040275,2.4271531032741742,-63.904532349565997
248335.70898595432,-0.78792077422246409,2.4626523482046947,-64.299413105197388
249483.12459692886,-0.7939494498304156,2.5203684106937425,-64.663388937371863
250635.84175148603,-0.79722758309464858,2.5492301652924878,-64.943097873041594
251793.88494499092,-0.78991429144834757,2.5838270718091207,-65.38571334305712
252957.27878598767,-0.7896848595843392,2.6234844250403371,-65.797502502093508
254126.04799672219,-0.79034450950027524,2.6426576571209499,-66.25017725642688
255300.21741366739,-0.7928386081089196,2.6918430050166444,-66.578960671273521
256479.81198805143,-0.79149684591279401,2.739826299172901,-67.004919223211743
257664.85678638751,-0.79036131201371718,2.7744458104902607,-67.477191186898949
258855.37699100675,-0.79668114269269696,2.8139922084666926,-67.845908309635973
260051.39790059335,-0.79768042094671687,2.8594753161750597,-68.278572033460975
261252.94493072171,-0.79952190508874055,2.912827166665668,-68.685307172882787
262460.04361439729,-0.81121505833657559,2.966950393385845,-69.086837327665435
263672.71960259863,-0.80328646077903842,3.0104378763334139,-69.527456955789418
264890.99866482272,-0.7952896036623438,3.059611418932433,-69.927502927425707
266114.90668963222,-0.79734567918053822,3.0992622129171754,-70.322737706930994
267344.46968520607,-0.79645551307815166,3.1635124684437455,-70.806071106297566
268579.7137798919,-0.80025865418080011,3.2086254373836773,-71.211347182451178
269820.66522276134,-0.79937957256288328,3.2569444300225077,-71.635041901903548
271067.35038416786,-0.79956374103621819,3.311652401355754,-72.112190357748062
272319.79575630685,-0.80144342579393835,3.3549867307603547,-72.598337531043924
273578.02795377898,-0.8095690955804884,3.3990174975851235,-72.997615174201556
274842.07371415547,-0.8190744182701315,3.4611661085321743,-73.425153168708519
276111.95989854663,-0.8089116083389748,3.5120429283379968,-73.913263548871072
277387.7134921723,-0.80455068463419721,3.5685407861028056,-74.384059146256618
278669.36160493508,-0.80735196612356463,3.6147401463194702,-74.867118774807182
279956.93147199717,-0.80349410695414036,3.7000041391980041,-75.270105283542136
281250.45045435854,-0.8047794763056958,3.7487913633750165,-75.786770904053867
282549.94603943854,-0.80854666204753078,3.7958816874054779,-76.371583017088113
283855.44584166008,-0.80735865722692068,3.8682897187167105,-76.787627078953662
285166.97760303592,-0.80919322388874848,3.9316993767902431,-77.24412330890604
286484.569193759,-0.8190209802432149,3.9821623606683398,-77.711708379413622
287808.24861279427,-0.81684630705336392,4.02860259159264,-78.349394972932714
289138.0439884736,-0.81012779972080562,4.1063868111615935,-78.800643660656377
290473.98357909371,-0.81052409473932541,4.1785254961871008,-79.259994970067225
291816.09577351628,-0.81370359103260803,4.2319700033413179,-79.800875219944601
293164.40909177175,-0.81505915442807286,4.2784988563593291,-80.408644012782872
294518.95218566508,-0.81327236047072482,4.3652861994152836,-80.901883479534831
295879.75383938465,-0.81388267807575188,4.440205947681731,-81.430917612234651
297246.84297011391,-0.81820660433228776,4.4978153932443909,-82.029489599350882
298620.24862864573,-0.83137192497602341,4.5390288606516869,-82.66075398209945
300000,-0.82408827203130186,4.6371576521372235,-83.141017273880607
